atleta_id,apelido,posicao_id,preco,status_id,media_num,clube_id,clube_nome,rodada_id,scout_CA,scout_DE,scout_GS,scout_PC,scout_DS,scout_FC,scout_FF,scout_FS,scout_A,scout_FD,scout_G,scout_I,scout_FT,scout_PS,scout_SG,scout_GC,scout_PP,scout_CV,scout_V,scout_DP,pontos,jogo_id,rodada,casa
51413,Walter,1,5.32,7,2.88,2305,,14,2.0,42.0,17.0,1.0,0.0,0.0,0.0,0.0,0.0,0.0,0.0,0.0,0.0,0.0,0.0,0.0,0.0,0.0,0.0,0.0,2.88,1,14,1
142049,Bruno Alves,3,2.0,1,0.0,283,,14,0.0,0.0,0.0,0.0,0.0,0.0,0.0,0.0,0.0,0.0,0.0,0.0,0.0,0.0,0.0,0.0,0.0,0.0,0.0,0.0,0.0,2,14,1
147297,William Fernando,2,1.0,1,0.0,283,,14,0.0,0.0,0.0,0.0,0.0,0.0,0.0,0.0,0.0,0.0,0.0,0.0,0.0,0.0,0.0,0.0,0.0,0.0,0.0,0.0,0.0,3,14,1
133673,Mateus Xavier,5,2.33,1,1.2,277,,14,0.0,0.0,0.0,0.0,1.0,1.0,0.0,0.0,0.0,0.0,0.0,0.0,0.0,0.0,0.0,0.0,0.0,0.0,0.0,0.0,1.2,4,14,1
141776,Gustavo Henrique,4,2.56,3,1.57,277,,14,3.0,0.0,0.0,0.0,7.0,8.0,1.0,7.0,0.0,0.0,0.0,0.0,0.0,0.0,0.0,0.0,0.0,0.0,0.0,0.0,1.57,5,14,1
144423,Nicolas Pontes,2,1.0,1,0.0,283,,14,0.0,0.0,0.0,0.0,0.0,0.0,0.0,0.0,0.0,0.0,0.0,0.0,0.0,0.0,0.0,0.0,0.0,0.0,0.0,0.0,0.0,6,14,1
142130,Marcelo Eráclito,1,1.0,1,0.0,283,,14,0.0,0.0,0.0,0.0,0.0,0.0,0.0,0.0,0.0,0.0,0.0,0.0,0.0,0.0,0.0,0.0,0.0,0.0,0.0,0.0,0.0,7,14,1
39148,Hulk,5,11.8,1,4.55,266,,14,1.0,0.0,0.0,0.0,4.0,9.0,8.0,32.0,3.0,6.0,1.0,3.0,0.0,0.0,0.0,0.0,0.0,0.0,0.0,0.0,4.55,8,14,1
147287,Kaiquy Luiz,3,1.0,1,0.0,283,,14,0.0,0.0,0.0,0.0,0.0,0.0,0.0,0.0,0.0,0.0,0.0,0.0,0.0,0.0,0.0,0.0,0.0,0.0,0.0,0.0,0.0,9,14,1
115025,Miguelito,4,3.42,1,1.5,277,,14,1.0,0.0,0.0,0.0,4.0,4.0,4.0,1.0,0.0,0.0,0.0,0.0,0.0,0.0,0.0,0.0,0.0,0.0,0.0,0.0,1.5,10,14,1
123649,Janderson,3,1.0,1,0.0,283,,14,0.0,0.0,0.0,0.0,0.0,0.0,0.0,0.0,0.0,0.0,0.0,0.0,0.0,0.0,0.0,0.0,0.0,0.0,0.0,0.0,0.0,11,14,1
146991,Rhuan Gabriel,4,1.39,1,1.2,283,,14,0.0,0.0,0.0,0.0,0.0,1.0,0.0,3.0,0.0,0.0,0.0,0.0,0.0,0.0,0.0,0.0,0.0,0.0,0.0,0.0,1.2,12,14,1
106104,Enamorado,5,7.35,1,3.89,284,,14,1.0,0.0,0.0,0.0,15.0,10.0,7.0,20.0,2.0,3.0,0.0,2.0,1.0,0.0,0.0,0.0,0.0,0.0,0.0,0.0,3.89,13,14,1
103445,Kaio Jorge,5,13.08,7,4.72,283,,14,0.0,0.0,0.0,0.0,3.0,4.0,10.0,6.0,0.0,3.0,3.0,4.0,0.0,1.0,0.0,0.0,0.0,0.0,0.0,0.0,4.72,14,14,1
94583,Pedro,5,18.02,7,9.11,262,,14,0.0,0.0,0.0,0.0,9.0,8.0,4.0,15.0,3.0,4.0,8.0,3.0,1.0,1.0,0.0,0.0,0.0,0.0,0.0,0.0,9.11,15,14,1
86292,Bolasie,5,5.4,1,2.08,315,,14,2.0,0.0,0.0,0.0,1.0,12.0,8.0,9.0,1.0,2.0,1.0,3.0,0.0,1.0,0.0,0.0,0.0,0.0,0.0,0.0,2.08,16,14,1
91639,Igor Cariús,2,2.94,1,1.0,2305,,14,0.0,0.0,0.0,1.0,1.0,0.0,0.0,1.0,0.0,0.0,0.0,0.0,0.0,0.0,0.0,0.0,0.0,0.0,0.0,0.0,1.0,17,14,1
114802,Vitor Roque,5,17.01,3,7.6,275,,14,1.0,0.0,0.0,0.0,8.0,6.0,4.0,19.0,0.0,3.0,3.0,3.0,1.0,1.0,0.0,0.0,0.0,0.0,0.0,0.0,7.6,18,14,1
101908,Willian Machado,3,4.45,7,2.48,2305,,14,1.0,0.0,0.0,0.0,13.0,5.0,2.0,10.0,0.0,1.0,0.0,0.0,0.0,0.0,0.0,0.0,0.0,0.0,0.0,0.0,2.48,19,14,1
128433,Johan Rojas,4,4.2,7,1.78,267,,14,2.0,0.0,0.0,0.0,3.0,10.0,5.0,3.0,1.0,7.0,0.0,1.0,1.0,0.0,0.0,0.0,0.0,0.0,0.0,0.0,1.78,20,14,1
145400,Cauê,2,4.23,1,3.47,280,,14,1.0,0.0,0.0,0.0,4.0,4.0,2.0,0.0,0.0,0.0,0.0,0.0,0.0,0.0,1.0,0.0,0.0,0.0,0.0,0.0,3.47,21,14,1
108713,Galeano,5,4.62,1,1.42,2305,,14,1.0,0.0,0.0,0.0,3.0,2.0,1.0,6.0,0.0,4.0,0.0,1.0,0.0,0.0,0.0,0.0,0.0,0.0,0.0,0.0,1.42,22,14,1
115986,Denilson,4,4.16,1,1.48,2305,,14,0.0,0.0,0.0,0.0,6.0,7.0,0.0,4.0,0.0,0.0,0.0,0.0,0.0,0.0,0.0,0.0,0.0,0.0,0.0,0.0,1.48,23,14,1
94514,Lucas Oliveira,3,5.11,1,3.6,2305,,14,2.0,0.0,0.0,0.0,5.0,1.0,1.0,1.0,0.0,0.0,1.0,1.0,0.0,0.0,0.0,0.0,0.0,0.0,0.0,0.0,3.6,24,14,1
131516,JP Chermont,2,4.94,1,3.37,294,,14,0.0,0.0,0.0,0.0,5.0,2.0,0.0,2.0,1.0,2.0,0.0,0.0,0.0,0.0,3.0,0.0,0.0,0.0,0.0,0.0,3.37,25,14,1
112367,Thalisson Gabriel,3,3.0,3,0.0,364,,14,0.0,0.0,0.0,0.0,0.0,0.0,0.0,0.0,0.0,0.0,0.0,0.0,0.0,0.0,0.0,0.0,0.0,0.0,0.0,0.0,0.0,26,14,1
78946,Dória,3,7.22,6,2.5,276,,14,0.0,0.0,0.0,0.0,0.0,0.0,0.0,0.0,0.0,0.0,0.0,0.0,0.0,0.0,1.0,0.0,0.0,0.0,0.0,0.0,2.5,27,14,1
118655,Saldivia,3,5.08,1,2.1,267,,14,3.0,0.0,0.0,0.0,13.0,10.0,4.0,8.0,0.0,1.0,0.0,0.0,0.0,0.0,0.0,1.0,0.0,0.0,0.0,0.0,2.1,28,14,1
81121,Lucas Mugni,4,7.0,1,0.0,2305,,14,0.0,0.0,0.0,0.0,0.0,0.0,0.0,0.0,0.0,0.0,0.0,0.0,0.0,0.0,0.0,0.0,0.0,0.0,0.0,0.0,0.0,29,14,1
126182,Paulinho,4,4.3,1,2.42,285,,14,4.0,0.0,0.0,0.0,16.0,18.0,5.0,14.0,0.0,3.0,0.0,1.0,0.0,0.0,0.0,0.0,0.0,0.0,0.0,0.0,2.42,30,14,1
133696,Wallace Davi,4,4.0,1,0.0,263,,14,0.0,0.0,0.0,0.0,0.0,0.0,0.0,0.0,0.0,0.0,0.0,0.0,0.0,0.0,0.0,0.0,0.0,0.0,0.0,0.0,0.0,31,14,1
130280,Phillipe Gabriel,1,1.0,1,0.0,267,,14,0.0,0.0,0.0,0.0,0.0,0.0,0.0,0.0,0.0,0.0,0.0,0.0,0.0,0.0,0.0,0.0,0.0,0.0,0.0,0.0,0.0,32,14,1
126120,Marcelinho,4,3.11,1,2.93,280,,14,0.0,0.0,0.0,0.0,1.0,3.0,2.0,1.0,1.0,1.0,0.0,1.0,0.0,0.0,0.0,0.0,0.0,0.0,0.0,0.0,2.93,33,14,1
141139,Mateus Iseppe,4,2.0,1,0.0,282,,14,0.0,0.0,0.0,0.0,0.0,0.0,0.0,0.0,0.0,0.0,0.0,0.0,0.0,0.0,0.0,0.0,0.0,0.0,0.0,0.0,0.0,34,14,1
132412,Román Gómez,2,8.47,1,7.1,265,,14,0.0,0.0,0.0,0.0,6.0,1.0,0.0,1.0,0.0,0.0,0.0,0.0,0.0,0.0,1.0,0.0,0.0,0.0,0.0,0.0,7.1,35,14,1
103183,Andrew,1,3.0,1,0.0,262,,14,0.0,0.0,0.0,0.0,0.0,0.0,0.0,0.0,0.0,0.0,0.0,0.0,0.0,0.0,0.0,0.0,0.0,0.0,0.0,0.0,0.0,36,14,1
93988,Breno Lopes,5,8.91,7,4.82,294,,14,3.0,0.0,0.0,0.0,7.0,8.0,4.0,13.0,0.0,3.0,5.0,6.0,0.0,0.0,0.0,0.0,0.0,0.0,0.0,0.0,4.82,37,14,1
114040,Minda,5,8.35,1,3.62,282,,14,0.0,0.0,0.0,0.0,2.0,1.0,1.0,4.0,0.0,1.0,1.0,0.0,2.0,1.0,0.0,0.0,0.0,0.0,0.0,0.0,3.62,38,14,1
146894,João Bom,5,2.0,1,0.0,315,,14,0.0,0.0,0.0,0.0,0.0,0.0,0.0,0.0,0.0,0.0,0.0,0.0,0.0,0.0,0.0,0.0,0.0,0.0,0.0,0.0,0.0,39,14,1
147090,Kauã Pascini,2,2.64,1,2.17,282,,14,0.0,0.0,0.0,0.0,1.0,0.0,0.0,0.0,0.0,0.0,0.0,0.0,0.0,0.0,1.0,0.0,0.0,0.0,0.0,0.0,2.17,40,14,1
90061,Bruno Pacheco,2,6.49,7,3.38,315,,14,0.0,0.0,0.0,0.0,7.0,2.0,0.0,4.0,1.0,0.0,0.0,0.0,0.0,0.0,0.0,0.0,0.0,0.0,0.0,0.0,3.38,41,14,1
141131,Vitão,3,1.0,1,0.0,282,,14,0.0,0.0,0.0,0.0,0.0,0.0,0.0,0.0,0.0,0.0,0.0,0.0,0.0,0.0,0.0,0.0,0.0,0.0,0.0,0.0,0.0,42,14,1
91251,Rodrigues,3,3.81,1,1.0,2305,,14,0.0,0.0,0.0,0.0,1.0,0.0,0.0,1.0,0.0,0.0,0.0,0.0,0.0,0.0,0.0,0.0,0.0,0.0,0.0,0.0,1.0,43,14,1
94154,Maycon,4,6.5,7,2.65,282,,14,0.0,0.0,0.0,0.0,6.0,7.0,2.0,4.0,0.0,0.0,1.0,0.0,0.0,0.0,0.0,0.0,0.0,0.0,0.0,0.0,2.65,44,14,1
102909,Luan,4,3.02,1,1.06,276,,14,0.0,0.0,0.0,0.0,3.0,0.0,1.0,0.0,0.0,0.0,0.0,0.0,0.0,0.0,0.0,0.0,0.0,0.0,0.0,0.0,1.06,45,14,1
130048,Noriega,3,8.58,7,5.01,284,,14,2.0,0.0,0.0,0.0,14.0,14.0,2.0,9.0,1.0,1.0,1.0,0.0,0.0,0.0,3.0,0.0,0.0,0.0,0.0,0.0,5.01,46,14,1
116034,Victor Hugo,4,7.04,7,4.19,282,,14,0.0,0.0,0.0,0.0,8.0,2.0,3.0,9.0,1.0,6.0,3.0,0.0,0.0,0.0,0.0,0.0,0.0,0.0,0.0,0.0,4.19,47,14,1
70666,Marllon,3,5.71,7,3.27,364,,14,2.0,0.0,0.0,0.0,21.0,9.0,1.0,10.0,0.0,0.0,1.0,0.0,0.0,0.0,1.0,0.0,0.0,0.0,0.0,0.0,3.27,48,14,1
100342,Léo Andrade,3,4.79,1,2.95,364,,14,1.0,0.0,0.0,0.0,9.0,4.0,0.0,1.0,0.0,0.0,0.0,0.0,0.0,0.0,0.0,0.0,0.0,0.0,0.0,0.0,2.95,49,14,1
89256,Gerson,4,8.52,7,3.94,283,,14,2.0,0.0,0.0,0.0,20.0,13.0,2.0,27.0,1.0,6.0,0.0,2.0,0.0,0.0,0.0,0.0,0.0,0.0,0.0,0.0,3.94,50,14,1
141873,Jacaré,2,2.0,1,0.0,264,,14,0.0,0.0,0.0,0.0,0.0,0.0,0.0,0.0,0.0,0.0,0.0,0.0,0.0,0.0,0.0,0.0,0.0,0.0,0.0,0.0,0.0,51,14,1
107093,Luciano Juba,2,12.19,7,7.68,265,,14,2.0,0.0,0.0,0.0,13.0,10.0,6.0,11.0,1.0,5.0,6.0,0.0,0.0,0.0,4.0,0.0,1.0,0.0,0.0,0.0,7.68,52,14,1
106708,Igor Formiga,2,7.72,7,4.48,2305,,14,0.0,0.0,0.0,0.0,23.0,21.0,8.0,4.0,0.0,1.0,2.0,0.0,0.0,0.0,0.0,0.0,0.0,0.0,0.0,0.0,4.48,53,14,1
69208,Gabriel Paulista,3,9.15,7,5.03,264,,14,1.0,0.0,0.0,0.0,11.0,11.0,8.0,5.0,0.0,1.0,1.0,0.0,0.0,0.0,4.0,0.0,0.0,0.0,0.0,0.0,5.03,54,14,1
83433,Patrick,4,5.59,7,2.77,364,,14,0.0,0.0,0.0,1.0,14.0,6.0,4.0,10.0,0.0,1.0,0.0,1.0,1.0,0.0,0.0,0.0,0.0,0.0,0.0,0.0,2.77,55,14,1
147194,Bruninho,4,2.94,7,1.73,293,,14,0.0,0.0,0.0,0.0,2.0,3.0,2.0,5.0,0.0,5.0,0.0,1.0,0.0,0.0,0.0,0.0,0.0,0.0,0.0,0.0,1.73,56,14,1
70449,Gabriel,1,5.6,1,2.2,287,,14,0.0,3.0,5.0,0.0,0.0,0.0,0.0,1.0,0.0,0.0,0.0,0.0,0.0,0.0,1.0,0.0,0.0,0.0,0.0,0.0,2.2,57,14,1
106302,Preciado,2,7.2,1,4.0,282,,14,1.0,0.0,0.0,0.0,9.0,8.0,3.0,11.0,0.0,0.0,0.0,0.0,0.0,0.0,2.0,0.0,0.0,0.0,0.0,0.0,4.0,58,14,1
105089,Tetê,5,9.12,1,3.6,284,,14,0.0,0.0,0.0,0.0,9.0,2.0,10.0,11.0,0.0,5.0,1.0,0.0,1.0,0.0,0.0,0.0,0.0,0.0,0.0,0.0,3.6,59,14,1
105157,Villagra,4,5.73,7,2.41,285,,14,1.0,0.0,0.0,0.0,10.0,11.0,3.0,10.0,0.0,3.0,0.0,0.0,0.0,0.0,0.0,0.0,0.0,0.0,0.0,0.0,2.41,60,14,1
146374,Gilberto,2,7.09,7,8.8,293,,14,0.0,0.0,0.0,0.0,4.0,2.0,0.0,2.0,0.0,1.0,0.0,0.0,0.0,0.0,2.0,0.0,0.0,0.0,0.0,0.0,8.8,61,14,1
71536,Luiz Gustavo,4,7.35,7,3.6,293,,14,2.0,0.0,0.0,0.0,8.0,11.0,2.0,16.0,0.0,3.0,2.0,0.0,0.0,0.0,0.0,0.0,0.0,0.0,0.0,0.0,3.6,62,14,1
141614,Paulinho,5,2.0,1,0.0,276,,14,0.0,0.0,0.0,0.0,0.0,0.0,0.0,0.0,0.0,0.0,0.0,0.0,0.0,0.0,0.0,0.0,0.0,0.0,0.0,0.0,0.0,63,14,1
95362,Cassierra,5,6.81,7,1.56,282,,14,1.0,0.0,0.0,0.0,1.0,7.0,2.0,6.0,1.0,1.0,1.0,0.0,0.0,0.0,0.0,0.0,0.0,0.0,0.0,0.0,1.56,64,14,1
147864,Rafael Monti,5,3.56,1,0.0,364,,14,0.0,0.0,0.0,0.0,0.0,0.0,0.0,0.0,0.0,0.0,0.0,0.0,0.0,0.0,0.0,0.0,0.0,0.0,0.0,0.0,0.0,65,14,1
110633,Gustavo,4,3.7,1,0.0,294,,14,0.0,0.0,0.0,0.0,0.0,0.0,0.0,0.0,0.0,0.0,0.0,0.0,0.0,0.0,0.0,0.0,0.0,0.0,0.0,0.0,0.0,66,14,1
86859,José Welison,4,2.83,6,1.45,364,,14,3.0,0.0,0.0,0.0,9.0,11.0,7.0,6.0,0.0,0.0,0.0,0.0,0.0,0.0,0.0,0.0,0.0,0.0,0.0,0.0,1.45,67,14,1
89918,Everton Galdino,5,2.55,1,0.6,2305,,14,0.0,0.0,0.0,0.0,0.0,0.0,1.0,2.0,0.0,1.0,0.0,0.0,0.0,0.0,0.0,0.0,0.0,0.0,0.0,0.0,0.6,68,14,1
114308,Cufré,2,3.45,1,-0.3,364,,14,0.0,0.0,0.0,0.0,0.0,1.0,0.0,0.0,0.0,0.0,0.0,0.0,0.0,0.0,0.0,0.0,0.0,0.0,0.0,0.0,-0.3,69,14,1
123689,Milans,2,8.96,1,6.03,264,,14,0.0,0.0,0.0,0.0,5.0,3.0,0.0,3.0,0.0,0.0,0.0,0.0,0.0,0.0,2.0,0.0,0.0,0.0,0.0,0.0,6.03,70,14,1
105842,Edu,3,4.13,3,1.5,287,,14,0.0,0.0,0.0,0.0,1.0,0.0,0.0,0.0,0.0,0.0,0.0,0.0,0.0,0.0,0.0,0.0,0.0,0.0,0.0,0.0,1.5,71,14,1
122554,Freitas,4,1.0,1,0.0,364,,14,0.0,0.0,0.0,0.0,0.0,0.0,0.0,0.0,0.0,0.0,0.0,0.0,0.0,0.0,0.0,0.0,0.0,0.0,0.0,0.0,0.0,72,14,1
97906,Riccieli,3,4.85,1,3.5,287,,14,0.0,0.0,0.0,0.0,1.0,1.0,1.0,0.0,0.0,0.0,0.0,0.0,0.0,0.0,1.0,0.0,0.0,0.0,0.0,0.0,3.5,73,14,1
142265,Dell,5,1.82,1,0.65,265,,14,0.0,0.0,0.0,0.0,2.0,3.0,1.0,3.0,0.0,1.0,0.0,0.0,0.0,0.0,0.0,0.0,0.0,1.0,0.0,0.0,0.65,74,14,1
140496,Tiaguinho,4,1.0,1,0.0,284,,14,0.0,0.0,0.0,0.0,0.0,0.0,0.0,0.0,0.0,0.0,0.0,0.0,0.0,0.0,0.0,0.0,0.0,0.0,0.0,0.0,0.0,75,14,1
113125,Picco,4,6.46,6,3.85,364,,14,2.0,0.0,0.0,0.0,24.0,18.0,5.0,1.0,0.0,1.0,1.0,0.0,0.0,0.0,0.0,0.0,0.0,0.0,0.0,0.0,3.85,76,14,1
146623,Luis Pacheco,4,2.77,1,0.65,275,,14,1.0,0.0,0.0,0.0,1.0,0.0,1.0,0.0,0.0,0.0,0.0,0.0,0.0,0.0,0.0,0.0,0.0,0.0,0.0,0.0,0.65,77,14,1
145436,Belé,5,3.0,1,0.0,275,,14,0.0,0.0,0.0,0.0,0.0,0.0,0.0,0.0,0.0,0.0,0.0,0.0,0.0,0.0,0.0,0.0,0.0,0.0,0.0,0.0,0.0,78,14,1
107075,Yuri Sena,1,1.0,1,0.0,287,,14,0.0,0.0,0.0,0.0,0.0,0.0,0.0,0.0,0.0,0.0,0.0,0.0,0.0,0.0,0.0,0.0,0.0,0.0,0.0,0.0,0.0,79,14,1
90370,Matheus Pereira,4,4.19,1,1.24,264,,14,1.0,0.0,0.0,0.0,5.0,9.0,5.0,2.0,0.0,2.0,0.0,0.0,0.0,0.0,0.0,0.0,0.0,0.0,0.0,0.0,1.24,80,14,1
107859,Fintelman,1,2.0,1,0.0,287,,14,0.0,0.0,0.0,0.0,0.0,0.0,0.0,0.0,0.0,0.0,0.0,0.0,0.0,0.0,0.0,0.0,0.0,0.0,0.0,0.0,0.0,81,14,1
99789,Brenner,5,7.61,7,3.35,267,,14,1.0,0.0,0.0,0.0,6.0,4.0,5.0,8.0,0.0,4.0,1.0,1.0,2.0,0.0,0.0,0.0,0.0,0.0,0.0,0.0,3.35,82,14,1
68952,Marinho,5,5.76,7,2.0,287,,14,0.0,0.0,0.0,0.0,3.0,2.0,2.0,3.0,0.0,1.0,0.0,2.0,0.0,0.0,0.0,0.0,0.0,0.0,0.0,0.0,2.0,83,14,1
145404,Arthur,2,4.11,7,3.98,275,,14,0.0,0.0,0.0,0.0,10.0,9.0,2.0,7.0,0.0,2.0,0.0,0.0,0.0,0.0,4.0,0.0,0.0,0.0,0.0,0.0,3.98,84,14,1
141628,Pablo Lúcio,4,2.0,1,0.0,262,,14,0.0,0.0,0.0,0.0,0.0,0.0,0.0,0.0,0.0,0.0,0.0,0.0,0.0,0.0,0.0,0.0,0.0,0.0,0.0,0.0,0.0,85,14,1
110598,Marino Hinestroza,5,6.24,1,2.25,267,,14,0.0,0.0,0.0,0.0,5.0,4.0,3.0,8.0,0.0,0.0,0.0,0.0,1.0,0.0,0.0,0.0,0.0,0.0,0.0,0.0,2.25,86,14,1
147088,Cissé,4,1.89,3,1.4,282,,14,0.0,0.0,0.0,0.0,2.0,0.0,2.0,2.0,0.0,0.0,0.0,0.0,0.0,0.0,0.0,0.0,0.0,0.0,0.0,0.0,1.4,87,14,1
87552,Vitor Bueno,4,7.58,3,4.7,364,,14,0.0,0.0,0.0,0.0,2.0,7.0,4.0,7.0,1.0,5.0,2.0,0.0,1.0,0.0,0.0,0.0,0.0,0.0,0.0,0.0,4.7,88,14,1
130906,Riquelme,4,0.66,1,-0.3,293,,14,0.0,0.0,0.0,0.0,0.0,2.0,0.0,0.0,0.0,0.0,0.0,0.0,0.0,0.0,0.0,0.0,0.0,0.0,0.0,0.0,-0.3,89,14,1
124270,Allex,4,3.12,6,2.65,285,,14,1.0,0.0,0.0,0.0,5.0,3.0,1.0,6.0,0.0,1.0,0.0,0.0,0.0,0.0,0.0,0.0,0.0,0.0,0.0,0.0,2.65,90,14,1
101729,Fabinho,5,1.51,3,-0.03,294,,14,1.0,0.0,0.0,0.0,0.0,4.0,1.0,0.0,0.0,1.0,0.0,0.0,0.0,0.0,0.0,0.0,0.0,0.0,0.0,0.0,-0.03,91,14,1
130608,Riquelme Fillipi,5,0.71,1,-0.3,275,,14,0.0,0.0,0.0,0.0,0.0,1.0,0.0,0.0,0.0,0.0,0.0,0.0,0.0,0.0,0.0,0.0,0.0,0.0,0.0,0.0,-0.3,92,14,1
142638,João Victor,5,1.0,1,0.0,285,,14,0.0,0.0,0.0,0.0,0.0,0.0,0.0,0.0,0.0,0.0,0.0,0.0,0.0,0.0,0.0,0.0,0.0,0.0,0.0,0.0,0.0,93,14,1
141551,Índio,4,1.0,1,0.0,282,,14,0.0,0.0,0.0,0.0,0.0,0.0,0.0,0.0,0.0,0.0,0.0,0.0,0.0,0.0,0.0,0.0,0.0,0.0,0.0,0.0,0.0,94,14,1
147202,João Bezerra,5,1.0,1,0.0,285,,14,0.0,0.0,0.0,0.0,0.0,0.0,0.0,0.0,0.0,0.0,0.0,0.0,0.0,0.0,0.0,0.0,0.0,0.0,0.0,0.0,0.0,95,14,1
130847,Zé Breno,4,2.0,1,0.0,287,,14,0.0,0.0,0.0,0.0,0.0,0.0,0.0,0.0,0.0,0.0,0.0,0.0,0.0,0.0,0.0,0.0,0.0,0.0,0.0,0.0,0.0,96,14,1
104134,Fabri,5,4.98,1,2.72,287,,14,0.0,0.0,0.0,0.0,3.0,3.0,1.0,3.0,1.0,2.0,0.0,0.0,1.0,0.0,0.0,0.0,0.0,0.0,0.0,0.0,2.72,97,14,1
146632,Alisson,2,1.0,1,0.0,285,,14,0.0,0.0,0.0,0.0,0.0,0.0,0.0,0.0,0.0,0.0,0.0,0.0,0.0,0.0,0.0,0.0,0.0,0.0,0.0,0.0,0.0,98,14,1
141406,Andrey Fernandes,5,1.41,1,1.7,267,,14,0.0,0.0,0.0,0.0,0.0,0.0,0.0,1.0,0.0,1.0,0.0,0.0,0.0,0.0,0.0,0.0,0.0,0.0,0.0,0.0,1.7,99,14,1
94930,Lucas Paquetá,4,15.61,3,6.54,262,,14,1.0,0.0,0.0,0.0,14.0,16.0,6.0,23.0,0.0,3.0,3.0,2.0,0.0,0.0,0.0,0.0,0.0,0.0,0.0,0.0,6.54,100,14,1
141615,Pedro Ferreira,4,1.04,1,0.5,276,,14,0.0,0.0,0.0,0.0,0.0,0.0,0.0,1.0,0.0,0.0,0.0,0.0,0.0,0.0,0.0,0.0,0.0,0.0,0.0,0.0,0.5,101,14,1
147883,João Vitor,5,1.18,1,0.67,267,,14,0.0,0.0,0.0,0.0,1.0,0.0,0.0,1.0,0.0,0.0,0.0,0.0,0.0,0.0,0.0,0.0,0.0,0.0,0.0,0.0,0.67,102,14,1
145036,Fernando Pradella,5,0.82,1,0.0,277,,14,0.0,0.0,0.0,0.0,0.0,0.0,0.0,0.0,0.0,0.0,0.0,0.0,0.0,0.0,0.0,0.0,0.0,0.0,0.0,0.0,0.0,103,14,1
118844,Kaio César,5,9.35,1,3.93,264,,14,1.0,0.0,0.0,0.0,2.0,1.0,0.0,8.0,1.0,1.0,0.0,1.0,0.0,0.0,0.0,0.0,0.0,0.0,0.0,0.0,3.93,104,14,1
142086,Kauan Toledo,5,1.0,1,0.0,263,,14,0.0,0.0,0.0,0.0,0.0,0.0,0.0,0.0,0.0,0.0,0.0,0.0,0.0,0.0,0.0,0.0,0.0,0.0,0.0,0.0,0.0,105,14,1
101715,Alerrandro,5,8.49,7,3.68,285,,14,0.0,0.0,0.0,0.0,6.0,9.0,7.0,11.0,2.0,4.0,2.0,4.0,0.0,0.0,0.0,0.0,0.0,0.0,0.0,0.0,3.68,106,14,1
147782,Arthur Novaes,4,1.0,1,0.0,263,,14,0.0,0.0,0.0,0.0,0.0,0.0,0.0,0.0,0.0,0.0,0.0,0.0,0.0,0.0,0.0,0.0,0.0,0.0,0.0,0.0,0.0,107,14,1
147788,Arthur Izaque,5,1.0,1,0.0,263,,14,0.0,0.0,0.0,0.0,0.0,0.0,0.0,0.0,0.0,0.0,0.0,0.0,0.0,0.0,0.0,0.0,0.0,0.0,0.0,0.0,0.0,108,14,1
130698,Kadu,2,1.0,1,0.0,263,,14,0.0,0.0,0.0,0.0,0.0,0.0,0.0,0.0,0.0,0.0,0.0,0.0,0.0,0.0,0.0,0.0,0.0,0.0,0.0,0.0,0.0,109,14,1
95550,Pedro Henrique,5,3.0,1,0.0,287,,14,0.0,0.0,0.0,0.0,0.0,0.0,0.0,0.0,0.0,0.0,0.0,0.0,0.0,0.0,0.0,0.0,0.0,0.0,0.0,0.0,0.0,110,14,1
129666,JP,4,1.41,1,0.95,267,,14,0.0,0.0,0.0,0.0,1.0,3.0,1.0,1.0,0.0,0.0,0.0,0.0,0.0,0.0,0.0,0.0,0.0,0.0,0.0,0.0,0.95,111,14,1
108131,Garcez,5,3.34,1,1.2,315,,14,0.0,0.0,0.0,0.0,1.0,5.0,3.0,5.0,0.0,1.0,0.0,1.0,0.0,0.0,0.0,0.0,0.0,0.0,0.0,0.0,1.2,112,14,1
148103,Rafael Soares,4,1.0,1,0.0,364,,14,0.0,0.0,0.0,0.0,0.0,0.0,0.0,0.0,0.0,0.0,0.0,0.0,0.0,0.0,0.0,0.0,0.0,0.0,0.0,0.0,0.0,113,14,1
90608,Chico da Costa,5,4.16,1,1.5,283,,14,0.0,0.0,0.0,0.0,1.0,4.0,1.0,1.0,1.0,2.0,0.0,0.0,0.0,0.0,0.0,0.0,0.0,0.0,0.0,0.0,1.5,114,14,1
123738,Herrera,5,5.06,7,2.78,280,,14,3.0,0.0,0.0,0.0,11.0,11.0,4.0,6.0,0.0,3.0,1.0,2.0,0.0,0.0,0.0,0.0,0.0,0.0,0.0,0.0,2.78,115,14,1
141126,Pedro Cobra,1,1.0,1,0.0,282,,14,0.0,0.0,0.0,0.0,0.0,0.0,0.0,0.0,0.0,0.0,0.0,0.0,0.0,0.0,0.0,0.0,0.0,0.0,0.0,0.0,0.0,116,14,1
132553,Jemmes,3,6.29,5,3.06,266,,14,3.0,0.0,0.0,0.0,16.0,8.0,1.0,5.0,0.0,0.0,0.0,1.0,0.0,0.0,3.0,0.0,0.0,0.0,0.0,0.0,3.06,117,14,1
112939,Catarozzi,4,5.41,1,0.9,364,,14,0.0,0.0,0.0,0.0,1.0,2.0,0.0,0.0,0.0,0.0,0.0,0.0,0.0,0.0,0.0,0.0,0.0,0.0,0.0,0.0,0.9,118,14,1
148109,Filipe Lima,5,1.0,1,0.0,364,,14,0.0,0.0,0.0,0.0,0.0,0.0,0.0,0.0,0.0,0.0,0.0,0.0,0.0,0.0,0.0,0.0,0.0,0.0,0.0,0.0,0.0,119,14,1
116065,Cuiabano,2,11.94,1,7.45,267,,14,2.0,0.0,0.0,0.0,20.0,8.0,5.0,7.0,4.0,5.0,1.0,0.0,0.0,0.0,0.0,0.0,0.0,0.0,0.0,0.0,7.45,120,14,1
130438,Diego,1,1.0,1,0.0,285,,14,0.0,0.0,0.0,0.0,0.0,0.0,0.0,0.0,0.0,0.0,0.0,0.0,0.0,0.0,0.0,0.0,0.0,0.0,0.0,0.0,0.0,121,14,1
122413,Pablo Baianinho,4,1.0,1,0.0,287,,14,0.0,0.0,0.0,0.0,0.0,0.0,0.0,0.0,0.0,0.0,0.0,0.0,0.0,0.0,0.0,0.0,0.0,0.0,0.0,0.0,0.0,122,14,1
99815,Arias,4,15.02,7,7.05,275,,14,3.0,0.0,0.0,0.0,24.0,11.0,6.0,10.0,0.0,6.0,3.0,2.0,0.0,0.0,0.0,0.0,0.0,0.0,0.0,0.0,7.05,123,14,1
141991,Tico,5,1.0,1,0.0,364,,14,0.0,0.0,0.0,0.0,0.0,0.0,0.0,0.0,0.0,0.0,0.0,0.0,0.0,0.0,0.0,0.0,0.0,0.0,0.0,0.0,0.0,124,14,1
147546,Roger,4,1.5,1,1.2,284,,14,0.0,0.0,0.0,0.0,1.0,1.0,0.0,0.0,0.0,1.0,0.0,0.0,0.0,0.0,0.0,0.0,0.0,0.0,0.0,0.0,1.2,125,14,1
146410,Marquinhos,4,0.85,1,0.0,263,,14,0.0,0.0,0.0,0.0,0.0,0.0,0.0,0.0,0.0,0.0,0.0,0.0,0.0,0.0,0.0,0.0,0.0,0.0,0.0,0.0,0.0,126,14,1
148124,Vinicius,3,2.0,1,0.0,315,,14,0.0,0.0,0.0,0.0,0.0,0.0,0.0,0.0,0.0,0.0,0.0,0.0,0.0,0.0,0.0,0.0,0.0,0.0,0.0,0.0,0.0,127,14,1
127969,Matheus Reis,5,1.0,3,0.0,266,,14,0.0,0.0,0.0,0.0,0.0,0.0,0.0,0.0,0.0,0.0,0.0,0.0,0.0,0.0,0.0,0.0,0.0,0.0,0.0,0.0,0.0,128,14,1
143463,Wesley Natã,5,1.0,1,0.0,266,,14,0.0,0.0,0.0,0.0,0.0,0.0,0.0,0.0,0.0,0.0,0.0,0.0,0.0,0.0,0.0,0.0,0.0,0.0,0.0,0.0,0.0,129,14,1
148152,Ararat,4,4.0,1,0.0,294,,14,0.0,0.0,0.0,0.0,0.0,0.0,0.0,0.0,0.0,0.0,0.0,0.0,0.0,0.0,0.0,0.0,0.0,0.0,0.0,0.0,0.0,130,14,1
97911,Lucas Silva,5,2.96,1,-0.5,287,,14,1.0,0.0,0.0,0.0,0.0,0.0,0.0,0.0,0.0,0.0,0.0,0.0,0.0,0.0,0.0,0.0,0.0,0.0,0.0,0.0,-0.5,131,14,1
148215,Djhordney,4,0.64,1,-1.6,276,,14,1.0,0.0,0.0,0.0,0.0,2.0,0.0,0.0,0.0,0.0,0.0,0.0,0.0,0.0,0.0,0.0,0.0,0.0,0.0,0.0,-1.6,132,14,1
110144,Spinelli,5,5.52,1,2.24,267,,14,0.0,0.0,0.0,0.0,3.0,6.0,7.0,3.0,0.0,2.0,1.0,0.0,0.0,0.0,0.0,0.0,0.0,0.0,0.0,0.0,2.24,133,14,1
143173,Leonel Pérez,4,4.24,7,1.42,284,,14,2.0,0.0,0.0,0.0,5.0,11.0,2.0,7.0,0.0,1.0,0.0,0.0,0.0,0.0,0.0,0.0,0.0,0.0,0.0,0.0,1.42,134,14,1
108162,Nardoni,4,6.42,3,2.04,284,,14,1.0,0.0,0.0,0.0,8.0,13.0,3.0,10.0,0.0,0.0,1.0,1.0,0.0,0.0,0.0,0.0,0.0,0.0,0.0,0.0,2.04,135,14,1
148206,Nadson,5,1.0,1,0.0,277,,14,0.0,0.0,0.0,0.0,0.0,0.0,0.0,0.0,0.0,0.0,0.0,0.0,0.0,0.0,0.0,0.0,0.0,0.0,0.0,0.0,0.0,136,14,1
130393,Luiz Gustavo,3,1.0,1,0.0,265,,14,0.0,0.0,0.0,0.0,0.0,0.0,0.0,0.0,0.0,0.0,0.0,0.0,0.0,0.0,0.0,0.0,0.0,0.0,0.0,0.0,0.0,137,14,1
146430,Justino,3,2.74,1,1.34,263,,14,1.0,0.0,0.0,0.0,3.0,0.0,0.0,1.0,0.0,0.0,0.0,0.0,0.0,0.0,0.0,0.0,0.0,0.0,0.0,0.0,1.34,138,14,1
109987,Medina,4,7.28,7,4.06,263,,14,1.0,0.0,0.0,0.0,12.0,10.0,3.0,12.0,0.0,0.0,1.0,0.0,0.0,1.0,0.0,0.0,0.0,1.0,0.0,0.0,4.06,139,14,1
93371,Rodrigo Rodrigues,5,4.0,3,0.0,294,,14,0.0,0.0,0.0,0.0,0.0,0.0,0.0,0.0,0.0,0.0,0.0,0.0,0.0,0.0,0.0,0.0,0.0,0.0,0.0,0.0,0.0,140,14,1
104666,Moisés,5,5.17,1,2.92,277,,14,0.0,0.0,0.0,0.0,1.0,5.0,0.0,5.0,1.0,4.0,2.0,0.0,0.0,1.0,0.0,0.0,0.0,0.0,0.0,0.0,2.92,141,14,1
131763,Yuri Leles,4,2.0,1,0.0,280,,14,0.0,0.0,0.0,0.0,0.0,0.0,0.0,0.0,0.0,0.0,0.0,0.0,0.0,0.0,0.0,0.0,0.0,0.0,0.0,0.0,0.0,142,14,1
141595,Gabriel Mec,5,2.6,7,1.95,284,,14,2.0,0.0,0.0,0.0,7.0,8.0,3.0,10.0,0.0,0.0,1.0,0.0,0.0,0.0,0.0,0.0,0.0,0.0,0.0,0.0,1.95,143,14,1
131964,Jhoan Hernández,2,3.69,1,0.0,263,,14,0.0,0.0,0.0,0.0,0.0,0.0,0.0,0.0,0.0,0.0,0.0,0.0,0.0,0.0,0.0,0.0,0.0,0.0,0.0,0.0,0.0,144,14,1
124386,Kainã,1,1.0,1,0.0,315,,14,0.0,0.0,0.0,0.0,0.0,0.0,0.0,0.0,0.0,0.0,0.0,0.0,0.0,0.0,0.0,0.0,0.0,0.0,0.0,0.0,0.0,145,14,1
105048,Jajá,5,7.27,7,5.09,364,,14,1.0,0.0,0.0,0.0,13.0,11.0,7.0,17.0,1.0,5.0,2.0,2.0,0.0,0.0,0.0,0.0,0.0,0.0,0.0,0.0,5.09,146,14,1
145563,João Ananias,3,2.69,6,4.5,277,,14,0.0,0.0,0.0,0.0,3.0,0.0,0.0,0.0,0.0,0.0,0.0,0.0,0.0,0.0,0.0,0.0,0.0,0.0,0.0,0.0,4.5,147,14,1
104036,Labyad,4,5.16,1,1.8,264,,14,0.0,0.0,0.0,0.0,2.0,1.0,1.0,1.0,1.0,0.0,0.0,0.0,0.0,0.0,0.0,0.0,0.0,0.0,0.0,0.0,1.8,148,14,1
92747,Eduardo Domínguez,6,10.81,7,5.28,282,,14,0.0,0.0,0.0,0.0,0.0,0.0,0.0,0.0,0.0,0.0,0.0,0.0,0.0,0.0,0.0,0.0,0.0,0.0,5.0,0.0,5.28,149,14,1
97899,Matheus Bahia,2,6.87,6,3.0,285,,14,1.0,0.0,0.0,0.0,2.0,9.0,0.0,5.0,0.0,1.0,0.0,0.0,0.0,0.0,3.0,0.0,0.0,0.0,0.0,0.0,3.0,150,14,1
142261,Jeferson,5,1.0,1,0.0,284,,14,0.0,0.0,0.0,0.0,0.0,0.0,0.0,0.0,0.0,0.0,0.0,0.0,0.0,0.0,0.0,0.0,0.0,0.0,0.0,0.0,0.0,151,14,1
133671,Gustavo Reis,1,1.0,1,0.0,280,,14,0.0,0.0,0.0,0.0,0.0,0.0,0.0,0.0,0.0,0.0,0.0,0.0,0.0,0.0,0.0,0.0,0.0,0.0,0.0,0.0,0.0,152,14,1
139200,Pedro Kauã,3,1.0,1,0.0,285,,14,0.0,0.0,0.0,0.0,0.0,0.0,0.0,0.0,0.0,0.0,0.0,0.0,0.0,0.0,0.0,0.0,0.0,0.0,0.0,0.0,0.0,153,14,1
126189,Tomás Pérez,4,3.54,1,1.12,282,,14,2.0,0.0,0.0,0.0,7.0,10.0,1.0,3.0,0.0,1.0,0.0,0.0,0.0,0.0,0.0,0.0,0.0,0.0,0.0,0.0,1.12,154,14,1
101807,Oliva,4,7.28,7,4.01,277,,14,0.0,0.0,0.0,0.0,16.0,15.0,3.0,8.0,1.0,1.0,0.0,0.0,0.0,0.0,0.0,0.0,0.0,0.0,0.0,0.0,4.01,155,14,1
93368,Lucas Veríssimo,3,8.92,7,4.44,277,,14,1.0,0.0,0.0,0.0,10.0,7.0,2.0,3.0,0.0,1.0,0.0,1.0,0.0,0.0,3.0,0.0,0.0,0.0,0.0,0.0,4.44,156,14,1
147875,Daniel Silva,3,1.0,1,0.0,262,,14,0.0,0.0,0.0,0.0,0.0,0.0,0.0,0.0,0.0,0.0,0.0,0.0,0.0,0.0,0.0,0.0,0.0,0.0,0.0,0.0,0.0,157,14,1
124219,Millán,3,5.19,1,-0.9,266,,14,0.0,0.0,0.0,0.0,0.0,3.0,0.0,0.0,0.0,0.0,0.0,0.0,0.0,0.0,0.0,0.0,0.0,0.0,0.0,0.0,-0.9,158,14,1
93834,Keiller,1,4.0,1,0.0,294,,14,0.0,0.0,0.0,0.0,0.0,0.0,0.0,0.0,0.0,0.0,0.0,0.0,0.0,0.0,0.0,0.0,0.0,0.0,0.0,0.0,0.0,159,14,1
147545,Jefinho,4,1.46,1,1.5,284,,14,0.0,0.0,0.0,0.0,1.0,0.0,0.0,0.0,0.0,0.0,0.0,0.0,0.0,0.0,0.0,0.0,0.0,0.0,0.0,0.0,1.5,160,14,1
143465,Keven Samuel,5,1.0,1,0.0,266,,14,0.0,0.0,0.0,0.0,0.0,0.0,0.0,0.0,0.0,0.0,0.0,0.0,0.0,0.0,0.0,0.0,0.0,0.0,0.0,0.0,0.0,161,14,1
116137,João Moreira,2,4.0,1,0.0,276,,14,0.0,0.0,0.0,0.0,0.0,0.0,0.0,0.0,0.0,0.0,0.0,0.0,0.0,0.0,0.0,0.0,0.0,0.0,0.0,0.0,0.0,162,14,1
37457,Léo Condé,6,8.0,7,4.32,364,,14,0.0,0.0,0.0,0.0,0.0,0.0,0.0,0.0,0.0,0.0,0.0,0.0,0.0,0.0,0.0,0.0,0.0,0.0,2.0,0.0,4.32,163,14,1
88963,Leonardo Jardim,6,13.36,7,7.36,262,,14,0.0,0.0,0.0,0.0,0.0,0.0,0.0,0.0,0.0,0.0,0.0,0.0,0.0,0.0,0.0,0.0,0.0,0.0,7.0,0.0,7.36,164,14,1
142275,Luiz Felipe,4,1.0,1,0.0,262,,14,0.0,0.0,0.0,0.0,0.0,0.0,0.0,0.0,0.0,0.0,0.0,0.0,0.0,0.0,0.0,0.0,0.0,0.0,0.0,0.0,0.0,165,14,1
100804,Tchamba,3,4.11,7,1.69,364,,14,1.0,0.0,0.0,0.0,12.0,7.0,2.0,3.0,0.0,0.0,0.0,1.0,0.0,0.0,1.0,2.0,0.0,0.0,0.0,0.0,1.69,166,14,1
124424,Rodrigo Castillo,5,7.86,6,4.54,266,,14,1.0,0.0,0.0,0.0,4.0,15.0,6.0,13.0,1.0,4.0,3.0,2.0,0.0,0.0,0.0,0.0,0.0,0.0,0.0,0.0,4.54,167,14,1
79437,Roger Machado,6,10.85,7,5.13,276,,14,0.0,0.0,0.0,0.0,0.0,0.0,0.0,0.0,0.0,0.0,0.0,0.0,0.0,0.0,0.0,0.0,0.0,0.0,4.0,0.0,5.13,168,14,1
141400,Huguinho,4,3.0,1,0.0,263,,14,0.0,0.0,0.0,0.0,0.0,0.0,0.0,0.0,0.0,0.0,0.0,0.0,0.0,0.0,0.0,0.0,0.0,0.0,0.0,0.0,0.0,169,14,1
81720,Lingard,5,4.03,7,0.88,264,,14,1.0,0.0,0.0,0.0,3.0,4.0,1.0,2.0,0.0,1.0,0.0,0.0,0.0,0.0,0.0,0.0,0.0,0.0,0.0,0.0,0.88,170,14,1
41929,Renato Gaúcho,6,10.03,7,5.03,267,,14,0.0,0.0,0.0,0.0,0.0,0.0,0.0,0.0,0.0,0.0,0.0,0.0,0.0,0.0,0.0,0.0,0.0,0.0,4.0,0.0,5.03,171,14,1
71898,Gabriel Pires,4,5.77,1,3.63,2305,,14,1.0,0.0,0.0,0.0,4.0,5.0,4.0,7.0,1.0,3.0,0.0,0.0,1.0,0.0,0.0,0.0,0.0,0.0,0.0,0.0,3.63,172,14,1
115537,Marcos Victor,3,3.0,1,0.0,265,,14,0.0,0.0,0.0,0.0,0.0,0.0,0.0,0.0,0.0,0.0,0.0,0.0,0.0,0.0,0.0,0.0,0.0,0.0,0.0,0.0,0.0,173,14,1
147268,Anderson Pato,5,3.12,1,1.38,287,,14,1.0,0.0,0.0,0.0,4.0,1.0,1.0,0.0,0.0,0.0,0.0,0.0,0.0,0.0,0.0,0.0,0.0,0.0,0.0,0.0,1.38,174,14,1
121823,Kauê,1,6.41,1,9.2,264,,14,1.0,13.0,3.0,0.0,0.0,0.0,0.0,1.0,0.0,0.0,0.0,0.0,0.0,0.0,1.0,0.0,0.0,0.0,0.0,0.0,9.2,175,14,1
142260,Bernardo Zortea,4,1.11,1,0.5,284,,14,0.0,0.0,0.0,1.0,1.0,1.0,1.0,0.0,0.0,0.0,0.0,0.0,0.0,0.0,0.0,0.0,0.0,0.0,0.0,0.0,0.5,176,14,1
133690,Bruno Lopes,5,1.0,1,0.0,267,,14,0.0,0.0,0.0,0.0,0.0,0.0,0.0,0.0,0.0,0.0,0.0,0.0,0.0,0.0,0.0,0.0,0.0,0.0,0.0,0.0,0.0,177,14,1
141752,Caio Valle,4,1.0,1,0.0,263,,14,0.0,0.0,0.0,0.0,0.0,0.0,0.0,0.0,0.0,0.0,0.0,0.0,0.0,0.0,0.0,0.0,0.0,0.0,0.0,0.0,0.0,178,14,1
129661,Wendel,4,1.0,1,0.0,265,,14,0.0,0.0,0.0,0.0,0.0,0.0,0.0,0.0,0.0,0.0,0.0,0.0,0.0,0.0,0.0,0.0,0.0,0.0,0.0,0.0,0.0,179,14,1
122922,Wanderson Aranha,1,1.0,1,0.0,275,,14,0.0,0.0,0.0,0.0,0.0,0.0,0.0,0.0,0.0,0.0,0.0,0.0,0.0,0.0,0.0,0.0,0.0,0.0,0.0,0.0,0.0,180,14,1
109573,Martinelli,4,5.25,3,1.97,266,,14,3.0,0.0,0.0,0.0,8.0,18.0,6.0,7.0,1.0,4.0,0.0,0.0,0.0,0.0,0.0,0.0,0.0,0.0,0.0,0.0,1.97,181,14,1
141184,Walace Falcão,3,1.0,1,0.0,267,,14,0.0,0.0,0.0,0.0,0.0,0.0,0.0,0.0,0.0,0.0,0.0,0.0,0.0,0.0,0.0,0.0,0.0,0.0,0.0,0.0,0.0,182,14,1
84268,Georgemy,1,3.0,1,0.0,2305,,14,0.0,0.0,0.0,0.0,0.0,0.0,0.0,0.0,0.0,0.0,0.0,0.0,0.0,0.0,0.0,0.0,0.0,0.0,0.0,0.0,0.0,183,14,1
140726,David Martins,4,0.72,1,-0.15,265,,14,0.0,0.0,0.0,0.0,0.0,1.0,0.0,0.0,0.0,0.0,0.0,0.0,0.0,0.0,0.0,0.0,0.0,0.0,0.0,0.0,-0.15,184,14,1
142257,Luis Eduardo,3,2.0,1,0.0,284,,14,0.0,0.0,0.0,0.0,0.0,0.0,0.0,0.0,0.0,0.0,0.0,0.0,0.0,0.0,0.0,0.0,0.0,0.0,0.0,0.0,0.0,185,14,1
148125,Ryan Augusto,2,3.78,3,3.7,280,,14,0.0,0.0,0.0,0.0,7.0,3.0,1.0,4.0,0.0,1.0,0.0,1.0,0.0,0.0,1.0,0.0,0.0,0.0,0.0,0.0,3.7,186,14,1
95131,Gabriel Taliari,5,10.88,3,7.3,364,,14,0.0,0.0,0.0,0.0,5.0,9.0,5.0,13.0,0.0,4.0,3.0,3.0,0.0,0.0,0.0,0.0,0.0,0.0,0.0,0.0,7.3,187,14,1
42411,Cuca,6,9.95,7,5.42,277,,14,0.0,0.0,0.0,0.0,0.0,0.0,0.0,0.0,0.0,0.0,0.0,0.0,0.0,0.0,0.0,0.0,0.0,0.0,2.0,0.0,5.42,188,14,1
107871,Wermeson,4,2.0,1,0.0,315,,14,0.0,0.0,0.0,0.0,0.0,0.0,0.0,0.0,0.0,0.0,0.0,0.0,0.0,0.0,0.0,0.0,0.0,0.0,0.0,0.0,0.0,189,14,1
141594,Pedro Gabriel,2,5.65,7,4.65,284,,14,2.0,0.0,0.0,0.0,5.0,10.0,1.0,2.0,0.0,3.0,0.0,0.0,0.0,0.0,4.0,0.0,0.0,0.0,0.0,0.0,4.65,190,14,1
130232,Caio Roque,2,5.72,1,4.0,263,,14,0.0,0.0,0.0,0.0,4.0,0.0,0.0,2.0,1.0,0.0,0.0,0.0,0.0,0.0,0.0,0.0,0.0,0.0,0.0,0.0,4.0,191,14,1
110605,Vinícius Balieiro,4,4.44,1,2.0,315,,14,0.0,0.0,0.0,0.0,2.0,0.0,0.0,2.0,0.0,0.0,0.0,0.0,0.0,0.0,0.0,0.0,0.0,0.0,0.0,0.0,2.0,192,14,1
127273,Artur Jorge,6,11.94,7,6.55,283,,14,0.0,0.0,0.0,0.0,0.0,0.0,0.0,0.0,0.0,0.0,0.0,0.0,0.0,0.0,0.0,0.0,0.0,0.0,4.0,0.0,6.55,193,14,1
143153,Tarzia,5,3.33,7,1.34,287,,14,1.0,0.0,0.0,0.0,1.0,5.0,1.0,1.0,0.0,2.0,1.0,0.0,0.0,0.0,0.0,0.0,0.0,0.0,0.0,0.0,1.34,194,14,1
102877,Gabriel Poveda,5,3.15,6,0.55,364,,14,0.0,0.0,0.0,0.0,1.0,4.0,1.0,2.0,0.0,1.0,0.0,0.0,0.0,0.0,0.0,0.0,0.0,0.0,0.0,0.0,0.55,195,14,1
107256,Zé Vitor,4,6.36,7,3.68,287,,14,2.0,0.0,0.0,0.0,9.0,14.0,2.0,8.0,0.0,1.0,1.0,0.0,0.0,0.0,0.0,0.0,0.0,0.0,0.0,0.0,3.68,196,14,1
147192,Claudinho,2,1.0,1,0.0,293,,14,0.0,0.0,0.0,0.0,0.0,0.0,0.0,0.0,0.0,0.0,0.0,0.0,0.0,0.0,0.0,0.0,0.0,0.0,0.0,0.0,0.0,197,14,1
143252,Gean,2,1.0,1,0.0,287,,14,0.0,0.0,0.0,0.0,0.0,0.0,0.0,0.0,0.0,0.0,0.0,0.0,0.0,0.0,0.0,0.0,0.0,0.0,0.0,0.0,0.0,198,14,1
130209,Renê,5,9.09,6,6.27,287,,14,1.0,0.0,0.0,0.0,5.0,4.0,2.0,10.0,1.0,4.0,2.0,1.0,0.0,0.0,0.0,0.0,0.0,0.0,0.0,0.0,6.27,199,14,1
103347,Matheus Alexandre,2,5.05,1,2.23,364,,14,0.0,0.0,0.0,0.0,1.0,2.0,1.0,0.0,0.0,0.0,0.0,0.0,0.0,0.0,1.0,0.0,0.0,0.0,0.0,0.0,2.23,200,14,1
149715,Rafael Gonzaga,2,2.79,1,2.4,277,,14,0.0,0.0,0.0,0.0,2.0,2.0,0.0,0.0,0.0,0.0,0.0,0.0,0.0,0.0,0.0,0.0,0.0,0.0,0.0,0.0,2.4,201,14,1
147560,Caio Suassuna,5,2.0,1,0.0,265,,14,0.0,0.0,0.0,0.0,0.0,0.0,0.0,0.0,0.0,0.0,0.0,0.0,0.0,0.0,0.0,0.0,0.0,0.0,0.0,0.0,0.0,202,14,1
123005,Sidney,4,1.0,1,0.0,265,,14,0.0,0.0,0.0,0.0,0.0,0.0,0.0,0.0,0.0,0.0,0.0,0.0,0.0,0.0,0.0,0.0,0.0,0.0,0.0,0.0,0.0,203,14,1
97905,Matheus Aurélio,1,2.0,1,0.0,315,,14,0.0,0.0,0.0,0.0,0.0,0.0,0.0,0.0,0.0,0.0,0.0,0.0,0.0,0.0,0.0,0.0,0.0,0.0,0.0,0.0,0.0,204,14,1
101820,Mayk,2,6.19,7,3.2,364,,14,0.0,0.0,0.0,0.0,8.0,2.0,1.0,4.0,0.0,0.0,0.0,0.0,0.0,0.0,1.0,0.0,0.0,0.0,0.0,0.0,3.2,205,14,1
121811,Da Silva,4,3.0,1,0.0,315,,14,0.0,0.0,0.0,0.0,0.0,0.0,0.0,0.0,0.0,0.0,0.0,0.0,0.0,0.0,0.0,0.0,0.0,0.0,0.0,0.0,0.0,206,14,1
147089,Cauã Soares,5,1.39,1,0.85,282,,14,0.0,0.0,0.0,0.0,0.0,0.0,0.0,1.0,0.0,1.0,0.0,0.0,0.0,0.0,0.0,0.0,0.0,0.0,0.0,0.0,0.85,207,14,1
148717,Tetê,5,0.66,1,-0.53,276,,14,1.0,0.0,0.0,0.0,0.0,2.0,0.0,0.0,0.0,0.0,0.0,0.0,0.0,0.0,0.0,0.0,0.0,0.0,0.0,0.0,-0.53,208,14,1
130282,Anthony,3,3.0,1,0.0,263,,14,0.0,0.0,0.0,0.0,0.0,0.0,0.0,0.0,0.0,0.0,0.0,0.0,0.0,0.0,0.0,0.0,0.0,0.0,0.0,0.0,0.0,209,14,1
130309,Rodrigo Falcão,1,1.0,1,0.0,277,,14,0.0,0.0,0.0,0.0,0.0,0.0,0.0,0.0,0.0,0.0,0.0,0.0,0.0,0.0,0.0,0.0,0.0,0.0,0.0,0.0,0.0,210,14,1
123016,David Braga,4,3.82,6,2.35,364,,14,1.0,0.0,0.0,0.0,6.0,2.0,0.0,4.0,0.0,0.0,0.0,0.0,0.0,0.0,0.0,0.0,0.0,0.0,0.0,0.0,2.35,211,14,1
149990,Franclim Carvalho,6,12.85,7,6.07,263,,14,0.0,0.0,0.0,0.0,0.0,0.0,0.0,0.0,0.0,0.0,0.0,0.0,0.0,0.0,0.0,0.0,0.0,0.0,1.0,0.0,6.07,212,14,1
124264,Kauan Jesus,1,1.0,1,0.0,285,,14,0.0,0.0,0.0,0.0,0.0,0.0,0.0,0.0,0.0,0.0,0.0,0.0,0.0,0.0,0.0,0.0,0.0,0.0,0.0,0.0,0.0,213,14,1
94034,Kevin Ramírez,5,3.0,1,0.85,315,,14,0.0,0.0,0.0,0.0,0.0,0.0,0.0,1.0,0.0,1.0,0.0,0.0,0.0,0.0,0.0,0.0,0.0,0.0,0.0,0.0,0.85,214,14,1
149991,David,5,1.0,1,0.0,294,,14,0.0,0.0,0.0,0.0,0.0,0.0,0.0,0.0,0.0,0.0,0.0,0.0,0.0,0.0,0.0,0.0,0.0,0.0,0.0,0.0,0.0,215,14,1
150197,Osorio,3,1.0,1,0.0,276,,14,0.0,0.0,0.0,0.0,0.0,0.0,0.0,0.0,0.0,0.0,0.0,0.0,0.0,0.0,0.0,0.0,0.0,0.0,0.0,0.0,0.0,216,14,1
107771,Fábio Matias,6,7.53,7,3.23,315,,14,0.0,0.0,0.0,0.0,0.0,0.0,0.0,0.0,0.0,0.0,0.0,0.0,0.0,0.0,0.0,0.0,0.0,0.0,0.0,0.0,3.23,217,14,1
141405,Avellar,2,1.49,1,1.5,267,,14,0.0,0.0,0.0,0.0,1.0,0.0,0.0,0.0,0.0,0.0,0.0,0.0,0.0,0.0,0.0,0.0,0.0,0.0,0.0,0.0,1.5,218,14,1
149993,Iago Machado,3,1.0,1,0.0,264,,14,0.0,0.0,0.0,0.0,0.0,0.0,0.0,0.0,0.0,0.0,0.0,0.0,0.0,0.0,0.0,0.0,0.0,0.0,0.0,0.0,0.0,219,14,1
85465,Alex Santana,4,4.02,1,0.8,264,,14,0.0,0.0,0.0,0.0,0.0,0.0,1.0,0.0,0.0,0.0,0.0,0.0,0.0,0.0,0.0,0.0,0.0,0.0,0.0,0.0,0.8,220,14,1
130399,Igor Felisberto,2,1.0,1,0.0,276,,14,0.0,0.0,0.0,0.0,0.0,0.0,0.0,0.0,0.0,0.0,0.0,0.0,0.0,0.0,0.0,0.0,0.0,0.0,0.0,0.0,0.0,221,14,1
143255,Kauan Vitor,2,1.0,1,0.0,287,,14,0.0,0.0,0.0,0.0,0.0,0.0,0.0,0.0,0.0,0.0,0.0,0.0,0.0,0.0,0.0,0.0,0.0,0.0,0.0,0.0,0.0,222,14,1
149994,Jhuan Nunes,5,1.83,1,2.3,280,,14,0.0,0.0,0.0,0.0,1.0,0.0,1.0,0.0,0.0,0.0,0.0,0.0,0.0,0.0,0.0,0.0,0.0,0.0,0.0,0.0,2.3,223,14,1
146701,Benjamin Arhin,4,2.0,1,0.0,285,,14,0.0,0.0,0.0,0.0,0.0,0.0,0.0,0.0,0.0,0.0,0.0,0.0,0.0,0.0,0.0,0.0,0.0,0.0,0.0,0.0,0.0,224,14,1
150757,Samuel Pierri,4,2.0,1,0.0,277,,14,0.0,0.0,0.0,0.0,0.0,0.0,0.0,0.0,0.0,0.0,0.0,0.0,0.0,0.0,0.0,0.0,0.0,0.0,0.0,0.0,0.0,225,14,1
103388,Emmanuel Martínez,4,7.13,7,4.28,287,,14,3.0,0.0,0.0,0.0,23.0,18.0,3.0,20.0,0.0,0.0,0.0,0.0,0.0,0.0,0.0,0.0,0.0,0.0,0.0,0.0,4.28,226,14,1
143253,Wendell,4,2.0,1,0.0,287,,14,0.0,0.0,0.0,0.0,0.0,0.0,0.0,0.0,0.0,0.0,0.0,0.0,0.0,0.0,0.0,0.0,0.0,0.0,0.0,0.0,0.0,227,14,1
141795,Kauan Coutinho,3,1.0,1,0.0,287,,14,0.0,0.0,0.0,0.0,0.0,0.0,0.0,0.0,0.0,0.0,0.0,0.0,0.0,0.0,0.0,0.0,0.0,0.0,0.0,0.0,0.0,228,14,1
100652,Yuri Alberto,5,10.38,7,2.43,264,,14,1.0,0.0,0.0,0.0,2.0,11.0,5.0,10.0,0.0,8.0,1.0,10.0,0.0,0.0,0.0,0.0,0.0,0.0,0.0,0.0,2.43,229,14,1
132750,João Pedro,1,1.0,1,0.0,277,,14,0.0,0.0,0.0,0.0,0.0,0.0,0.0,0.0,0.0,0.0,0.0,0.0,0.0,0.0,0.0,0.0,0.0,0.0,0.0,0.0,0.0,230,14,1
130233,Iuri,1,1.0,1,0.0,265,,14,0.0,0.0,0.0,0.0,0.0,0.0,0.0,0.0,0.0,0.0,0.0,0.0,0.0,0.0,0.0,0.0,0.0,0.0,0.0,0.0,0.0,231,14,1
92171,Arthur Cabral,5,9.12,7,4.93,263,,14,1.0,0.0,0.0,0.0,5.0,15.0,8.0,12.0,1.0,5.0,3.0,1.0,0.0,0.0,0.0,0.0,0.0,0.0,0.0,0.0,4.93,232,14,1
104758,Enzo Díaz,2,8.48,1,4.06,276,,14,4.0,0.0,0.0,0.0,22.0,18.0,2.0,11.0,1.0,0.0,0.0,1.0,0.0,0.0,1.0,0.0,0.0,0.0,0.0,0.0,4.06,233,14,1
68685,Alan Patrick,4,8.11,6,4.94,285,,14,0.0,0.0,0.0,0.0,9.0,5.0,9.0,20.0,0.0,1.0,3.0,0.0,0.0,0.0,0.0,0.0,0.0,0.0,0.0,0.0,4.94,234,14,1
97810,Erick,5,10.04,5,4.75,287,,14,1.0,0.0,0.0,0.0,3.0,4.0,6.0,20.0,3.0,5.0,2.0,1.0,1.0,0.0,0.0,0.0,0.0,0.0,0.0,0.0,4.75,235,14,1
150825,Breno,3,0.92,1,0.0,280,,14,0.0,0.0,0.0,0.0,0.0,0.0,0.0,0.0,0.0,0.0,0.0,0.0,0.0,0.0,0.0,0.0,0.0,0.0,0.0,0.0,0.0,236,14,1
82407,Chico Kim,4,4.0,1,0.0,2305,,14,0.0,0.0,0.0,0.0,0.0,0.0,0.0,0.0,0.0,0.0,0.0,0.0,0.0,0.0,0.0,0.0,0.0,0.0,0.0,0.0,0.0,237,14,1
69012,Santos,1,8.58,7,3.53,293,,14,1.0,28.0,13.0,0.0,0.0,0.0,0.0,0.0,0.0,0.0,0.0,0.0,0.0,0.0,4.0,0.0,0.0,0.0,0.0,0.0,3.53,238,14,1
150826,Nícollas,5,1.0,1,0.0,264,,14,0.0,0.0,0.0,0.0,0.0,0.0,0.0,0.0,0.0,0.0,0.0,0.0,0.0,0.0,0.0,0.0,0.0,0.0,0.0,0.0,0.0,239,14,1
104502,Christian,4,9.87,7,6.2,283,,14,1.0,0.0,0.0,0.0,20.0,15.0,5.0,20.0,1.0,3.0,5.0,4.0,0.0,0.0,0.0,0.0,0.0,0.0,0.0,0.0,6.2,240,14,1
68928,Rafael,1,8.59,7,4.2,276,,14,0.0,39.0,13.0,0.0,0.0,0.0,0.0,2.0,0.0,0.0,0.0,0.0,0.0,0.0,4.0,0.0,0.0,0.0,0.0,0.0,4.2,241,14,1
103056,Gabriel Brazão,1,5.47,5,2.6,277,,14,3.0,28.0,18.0,1.0,0.0,0.0,0.0,1.0,0.0,1.0,0.0,0.0,0.0,0.0,3.0,0.0,0.0,0.0,0.0,0.0,2.6,242,14,1
63007,Neymar,4,19.84,7,8.82,277,,14,3.0,0.0,0.0,0.0,4.0,8.0,7.0,27.0,1.0,4.0,3.0,6.0,0.0,0.0,0.0,0.0,0.0,0.0,0.0,0.0,8.82,243,14,1
61987,Alex Sandro,2,9.5,5,4.28,262,,14,2.0,0.0,0.0,0.0,13.0,15.0,1.0,8.0,0.0,0.0,0.0,0.0,0.0,0.0,5.0,0.0,0.0,0.0,0.0,0.0,4.28,244,14,1
72294,Everson,1,9.08,7,4.17,282,,14,0.0,43.0,20.0,0.0,0.0,0.0,0.0,5.0,1.0,0.0,0.0,0.0,0.0,0.0,3.0,0.0,0.0,0.0,0.0,0.0,4.17,245,14,1
77485,Carrillo,4,4.64,7,1.43,264,,14,3.0,0.0,0.0,0.0,12.0,19.0,2.0,4.0,0.0,0.0,0.0,0.0,0.0,0.0,0.0,0.0,0.0,0.0,0.0,0.0,1.43,246,14,1
145659,Nicolas,2,2.79,1,5.0,276,,14,0.0,0.0,0.0,0.0,0.0,0.0,0.0,0.0,0.0,0.0,0.0,0.0,0.0,0.0,1.0,0.0,0.0,0.0,0.0,0.0,5.0,247,14,1
42234,Cássio,1,6.89,3,1.32,283,,14,0.0,12.0,10.0,0.0,0.0,0.0,0.0,2.0,0.0,0.0,0.0,0.0,0.0,0.0,0.0,0.0,0.0,0.0,0.0,0.0,1.32,248,14,1
87008,Léo Jardim,1,6.08,7,2.11,267,,14,1.0,38.0,21.0,0.0,1.0,1.0,0.0,2.0,0.0,0.0,0.0,0.0,0.0,0.0,0.0,0.0,0.0,0.0,0.0,0.0,2.11,249,14,1
101254,Alef Manga,5,9.32,6,4.96,364,,14,1.0,0.0,0.0,0.0,10.0,11.0,12.0,12.0,3.0,8.0,3.0,15.0,0.0,0.0,0.0,0.0,1.0,0.0,0.0,0.0,4.96,250,14,1
100898,Vitinho,2,9.9,5,5.39,263,,14,3.0,0.0,0.0,0.0,31.0,13.0,2.0,11.0,2.0,0.0,0.0,0.0,1.0,0.0,1.0,0.0,0.0,0.0,0.0,0.0,5.39,251,14,1
105436,Carrascal,4,9.54,7,4.19,262,,14,0.0,0.0,0.0,0.0,9.0,3.0,7.0,12.0,1.0,3.0,1.0,0.0,0.0,0.0,0.0,0.0,0.0,1.0,0.0,0.0,4.19,252,14,1
96591,Renan Lodi,2,10.54,7,4.77,282,,14,2.0,0.0,0.0,0.0,15.0,24.0,7.0,30.0,2.0,3.0,0.0,5.0,1.0,0.0,3.0,0.0,0.0,1.0,0.0,0.0,4.77,253,14,1
105949,Rochet,1,7.26,3,3.68,285,,14,0.0,21.0,9.0,0.0,2.0,0.0,0.0,1.0,0.0,0.0,0.0,0.0,0.0,0.0,3.0,0.0,0.0,0.0,0.0,0.0,3.68,254,14,1
101727,Matheuzinho,2,9.42,7,3.91,264,,14,2.0,0.0,0.0,0.0,16.0,12.0,2.0,7.0,0.0,0.0,0.0,3.0,0.0,0.0,3.0,0.0,0.0,1.0,0.0,0.0,3.91,255,14,1
91772,David Duarte,3,6.03,7,3.61,265,,14,1.0,0.0,0.0,0.0,10.0,6.0,2.0,1.0,0.0,1.0,1.0,2.0,0.0,0.0,1.0,1.0,0.0,0.0,0.0,0.0,3.61,256,14,1
99274,Alexander Barboza,3,10.18,1,4.91,263,,14,3.0,0.0,0.0,0.0,17.0,13.0,4.0,0.0,2.0,2.0,1.0,0.0,0.0,0.0,1.0,0.0,0.0,1.0,0.0,0.0,4.91,257,14,1
90768,Fabrício Bruno,3,6.74,7,2.36,283,,14,3.0,0.0,0.0,0.0,8.0,5.0,4.0,5.0,0.0,2.0,0.0,0.0,0.0,0.0,3.0,0.0,0.0,0.0,0.0,0.0,2.36,258,14,1
37656,Fábio,1,10.17,7,4.52,266,,14,1.0,51.0,18.0,1.0,0.0,0.0,0.0,4.0,0.0,0.0,0.0,0.0,0.0,0.0,3.0,0.0,0.0,0.0,0.0,0.0,4.52,259,14,1
113397,Cristian Olivera,5,7.93,7,4.78,265,,14,1.0,0.0,0.0,0.0,12.0,10.0,5.0,31.0,1.0,11.0,1.0,6.0,1.0,0.0,0.0,0.0,0.0,0.0,0.0,0.0,4.78,260,14,1
109401,Erick Pulga,5,7.95,7,3.75,265,,14,2.0,0.0,0.0,1.0,15.0,11.0,2.0,27.0,1.0,7.0,0.0,9.0,1.0,2.0,0.0,0.0,0.0,0.0,0.0,0.0,3.75,261,14,1
68996,Willian José,5,8.38,7,2.87,265,,14,0.0,0.0,0.0,0.0,2.0,11.0,5.0,2.0,1.0,4.0,3.0,0.0,0.0,0.0,0.0,0.0,1.0,0.0,0.0,0.0,2.87,262,14,1
80313,Gilberto,2,5.98,6,2.28,265,,14,0.0,0.0,0.0,0.0,4.0,3.0,1.0,1.0,1.0,0.0,0.0,0.0,0.0,0.0,0.0,0.0,0.0,0.0,0.0,0.0,2.28,263,14,1
80196,Yago Pikachu,4,4.77,7,1.81,364,,14,0.0,0.0,0.0,0.0,4.0,5.0,4.0,8.0,0.0,5.0,1.0,0.0,0.0,1.0,0.0,0.0,0.0,1.0,0.0,0.0,1.81,264,14,1
98517,Jean Lucas,4,10.78,7,6.01,265,,14,2.0,0.0,0.0,0.0,27.0,21.0,8.0,14.0,2.0,3.0,2.0,1.0,1.0,0.0,0.0,0.0,0.0,0.0,0.0,0.0,6.01,265,14,1
85425,João Paulo,1,6.19,1,1.7,265,,14,0.0,4.0,4.0,0.0,0.0,0.0,0.0,1.0,0.0,0.0,0.0,0.0,0.0,0.0,0.0,0.0,0.0,0.0,0.0,0.0,1.7,266,14,1
91101,Ronaldo,1,7.57,3,5.03,265,,14,2.0,19.0,3.0,0.0,0.0,0.0,0.0,1.0,0.0,0.0,0.0,0.0,0.0,0.0,3.0,0.0,0.0,0.0,0.0,0.0,5.03,267,14,1
104783,Acevedo,4,7.95,6,5.01,265,,14,4.0,0.0,0.0,0.0,34.0,28.0,4.0,15.0,0.0,4.0,0.0,0.0,2.0,0.0,0.0,0.0,0.0,0.0,0.0,0.0,5.01,268,14,1
98484,Kanu,3,4.67,1,3.4,265,,14,1.0,0.0,0.0,0.0,0.0,2.0,0.0,0.0,0.0,0.0,0.0,0.0,0.0,0.0,1.0,0.0,0.0,0.0,0.0,0.0,3.4,269,14,1
123717,Zé Guilherme,2,3.0,1,0.0,265,,14,0.0,0.0,0.0,0.0,0.0,0.0,0.0,0.0,0.0,0.0,0.0,0.0,0.0,0.0,0.0,0.0,0.0,0.0,0.0,0.0,0.0,270,14,1
105373,Gabriel Xavier,3,6.36,1,3.7,265,,14,1.0,0.0,0.0,0.0,5.0,2.0,1.0,1.0,0.0,0.0,0.0,0.0,0.0,0.0,3.0,0.0,0.0,0.0,0.0,0.0,3.7,271,14,1
98022,Erick,4,8.1,7,4.22,265,,14,2.0,0.0,0.0,0.0,15.0,13.0,2.0,10.0,0.0,1.0,2.0,0.0,2.0,0.0,0.0,0.0,0.0,0.0,0.0,0.0,4.22,272,14,1
105990,Santiago Mingo,3,4.24,7,1.86,265,,14,2.0,0.0,0.0,1.0,3.0,7.0,0.0,10.0,0.0,0.0,0.0,1.0,1.0,0.0,4.0,1.0,0.0,0.0,0.0,0.0,1.86,273,14,1
97868,Iago,2,5.57,1,5.0,265,,14,0.0,0.0,0.0,0.0,0.0,0.0,0.0,0.0,0.0,0.0,0.0,0.0,0.0,0.0,1.0,0.0,0.0,0.0,0.0,0.0,5.0,274,14,1
97341,Rogério Ceni,6,11.2,7,5.79,265,,14,0.0,0.0,0.0,0.0,0.0,0.0,0.0,0.0,0.0,0.0,0.0,0.0,0.0,0.0,0.0,0.0,0.0,0.0,6.0,0.0,5.79,275,14,1
122994,Victor Nascimento,1,1.0,1,0.0,265,,14,0.0,0.0,0.0,0.0,0.0,0.0,0.0,0.0,0.0,0.0,0.0,0.0,0.0,0.0,0.0,0.0,0.0,0.0,0.0,0.0,0.0,276,14,1
101314,Ademir,5,5.34,1,1.6,265,,14,0.0,0.0,0.0,0.0,5.0,6.0,2.0,16.0,0.0,3.0,0.0,2.0,0.0,2.0,0.0,0.0,0.0,0.0,0.0,0.0,1.6,277,14,1
123360,Cauly,4,6.79,7,2.95,276,,14,0.0,0.0,0.0,0.0,10.0,11.0,3.0,10.0,0.0,2.0,1.0,0.0,0.0,0.0,0.0,0.0,0.0,0.0,0.0,0.0,2.95,278,14,1
107173,Michel Araújo,4,2.92,1,0.79,265,,14,0.0,0.0,0.0,0.0,6.0,7.0,2.0,3.0,0.0,1.0,0.0,3.0,0.0,0.0,0.0,0.0,0.0,1.0,0.0,0.0,0.79,279,14,1
68806,Neto,1,8.63,7,3.85,263,,14,0.0,22.0,11.0,0.0,0.0,0.0,0.0,1.0,0.0,0.0,0.0,0.0,0.0,0.0,1.0,0.0,0.0,0.0,0.0,0.0,3.85,280,14,1
72493,Alex Telles,2,10.15,7,4.48,263,,14,1.0,0.0,0.0,1.0,13.0,11.0,2.0,5.0,2.0,0.0,2.0,0.0,0.0,0.0,1.0,0.0,0.0,0.0,0.0,0.0,4.48,281,14,1
106822,Rodrigo Nestor,4,3.98,1,0.62,265,,14,2.0,0.0,0.0,0.0,2.0,6.0,3.0,3.0,0.0,1.0,0.0,0.0,0.0,0.0,0.0,0.0,0.0,0.0,0.0,0.0,0.62,282,14,1
106323,Caio Alexandre,4,4.4,3,1.24,265,,14,1.0,0.0,0.0,0.0,7.0,11.0,1.0,11.0,0.0,0.0,0.0,0.0,0.0,0.0,0.0,0.0,0.0,0.0,0.0,0.0,1.24,283,14,1
141419,Fredi Lippert,3,2.0,1,0.0,265,,14,0.0,0.0,0.0,0.0,0.0,0.0,0.0,0.0,0.0,0.0,0.0,0.0,0.0,0.0,0.0,0.0,0.0,0.0,0.0,0.0,0.0,284,14,1
145379,Kauê Furquim,5,2.0,1,0.0,265,,14,0.0,0.0,0.0,0.0,0.0,0.0,0.0,0.0,0.0,0.0,0.0,0.0,0.0,0.0,0.0,0.0,0.0,0.0,0.0,0.0,0.0,285,14,1
111829,Kayky,5,3.63,1,1.27,285,,14,0.0,0.0,0.0,0.0,2.0,0.0,0.0,2.0,0.0,3.0,0.0,0.0,0.0,0.0,0.0,0.0,0.0,0.0,0.0,0.0,1.27,286,14,1
98280,Bastos,3,3.75,7,0.78,263,,14,1.0,0.0,0.0,0.0,4.0,7.0,0.0,2.0,0.0,0.0,0.0,0.0,0.0,0.0,0.0,0.0,0.0,0.0,0.0,0.0,0.78,287,14,1
111831,Matheus Martins,5,8.22,7,5.5,263,,14,1.0,0.0,0.0,0.0,10.0,7.0,5.0,11.0,0.0,8.0,4.0,0.0,1.0,0.0,0.0,0.0,0.0,0.0,0.0,0.0,5.5,288,14,1
129663,Ruan Pablo,5,2.0,1,0.0,265,,14,0.0,0.0,0.0,0.0,0.0,0.0,0.0,0.0,0.0,0.0,0.0,0.0,0.0,0.0,0.0,0.0,0.0,0.0,0.0,0.0,0.0,289,14,1
97468,Marçal,2,7.04,1,3.5,263,,14,1.0,0.0,0.0,0.0,2.0,0.0,0.0,0.0,0.0,0.0,0.0,0.0,0.0,0.0,1.0,0.0,0.0,0.0,0.0,0.0,3.5,290,14,1
96353,Joaquín Correa,5,5.66,1,1.6,263,,14,2.0,0.0,0.0,0.0,1.0,2.0,2.0,3.0,1.0,0.0,0.0,0.0,0.0,1.0,0.0,0.0,0.0,0.0,0.0,0.0,1.6,291,14,1
124481,Mateo Ponte,2,5.87,7,3.02,263,,14,1.0,0.0,0.0,0.0,3.0,3.0,0.0,5.0,1.0,0.0,0.0,0.0,0.0,0.0,1.0,0.0,0.0,0.0,0.0,0.0,3.02,292,14,1
107231,Danilo,4,15.83,7,9.72,263,,14,1.0,0.0,0.0,0.0,19.0,8.0,7.0,5.0,2.0,4.0,7.0,0.0,1.0,0.0,0.0,0.0,0.0,0.0,0.0,0.0,9.72,293,14,1
104191,Raul,1,4.55,1,3.15,263,,14,1.0,23.0,11.0,0.0,0.0,0.0,0.0,2.0,0.0,0.0,0.0,0.0,0.0,0.0,0.0,0.0,0.0,0.0,0.0,0.0,3.15,294,14,1
136955,Sanabria,5,5.64,1,2.48,265,,14,1.0,0.0,0.0,0.0,0.0,6.0,3.0,5.0,1.0,2.0,1.0,1.0,0.0,0.0,0.0,0.0,0.0,0.0,0.0,0.0,2.48,295,14,1
78248,Gustavo Henrique,3,9.28,7,3.95,264,,14,3.0,0.0,0.0,1.0,10.0,13.0,5.0,7.0,0.0,4.0,0.0,0.0,0.0,0.0,4.0,0.0,0.0,0.0,0.0,0.0,3.95,296,14,1
69140,Allan,4,4.48,3,2.03,263,,14,3.0,0.0,0.0,0.0,15.0,11.0,2.0,5.0,0.0,0.0,0.0,0.0,0.0,0.0,0.0,0.0,0.0,0.0,0.0,0.0,2.03,297,14,1
126013,Ythallo,3,3.5,1,0.2,263,,14,1.0,0.0,0.0,0.0,1.0,1.0,0.0,0.0,0.0,0.0,0.0,0.0,0.0,0.0,0.0,0.0,0.0,0.0,0.0,0.0,0.2,298,14,1
108274,David Ricardo,3,7.0,1,0.0,263,,14,0.0,0.0,0.0,0.0,0.0,0.0,0.0,0.0,0.0,0.0,0.0,0.0,0.0,0.0,0.0,0.0,0.0,0.0,0.0,0.0,0.0,299,14,1
142890,Montoro,4,8.11,6,3.72,263,,14,1.0,0.0,0.0,0.0,7.0,7.0,3.0,14.0,3.0,2.0,0.0,0.0,1.0,0.0,0.0,0.0,0.0,0.0,0.0,0.0,3.72,300,14,1
104693,Newton,4,4.7,1,2.42,263,,14,1.0,0.0,0.0,0.0,8.0,3.0,0.0,4.0,0.0,0.0,0.0,0.0,0.0,0.0,0.0,0.0,0.0,0.0,0.0,0.0,2.42,301,14,1
98672,Savarino,4,10.32,7,6.02,266,,14,1.0,0.0,0.0,0.0,5.0,5.0,10.0,12.0,2.0,9.0,3.0,5.0,3.0,0.0,0.0,0.0,0.0,0.0,0.0,0.0,6.02,302,14,1
129930,Cristhian Loor,1,2.0,1,0.0,263,,14,0.0,0.0,0.0,0.0,0.0,0.0,0.0,0.0,0.0,0.0,0.0,0.0,0.0,0.0,0.0,0.0,0.0,0.0,0.0,0.0,0.0,303,14,1
146375,Kadir,5,4.42,7,1.74,263,,14,0.0,0.0,0.0,0.0,3.0,8.0,3.0,6.0,0.0,1.0,0.0,0.0,0.0,0.0,0.0,0.0,0.0,0.0,0.0,0.0,1.74,304,14,1
95799,Artur,5,11.12,7,6.15,276,,14,0.0,0.0,0.0,0.0,11.0,3.0,9.0,12.0,1.0,9.0,2.0,1.0,0.0,1.0,0.0,0.0,0.0,0.0,0.0,0.0,6.15,305,14,1
142877,Villalba,5,5.05,1,2.78,263,,14,1.0,0.0,0.0,0.0,5.0,2.0,0.0,0.0,0.0,0.0,1.0,0.0,0.0,0.0,0.0,0.0,0.0,0.0,0.0,0.0,2.78,306,14,1
70360,Eduardo Sasha,5,4.98,7,1.84,280,,14,0.0,0.0,0.0,0.0,4.0,1.0,3.0,9.0,0.0,5.0,0.0,3.0,0.0,0.0,0.0,0.0,0.0,0.0,0.0,0.0,1.84,307,14,1
91158,Kaio,3,7.0,3,0.0,263,,14,0.0,0.0,0.0,0.0,0.0,0.0,0.0,0.0,0.0,0.0,0.0,0.0,0.0,0.0,0.0,0.0,0.0,0.0,0.0,0.0,0.0,308,14,1
39850,Vagner Mancini,6,8.47,7,5.31,280,,14,0.0,0.0,0.0,0.0,0.0,0.0,0.0,0.0,0.0,0.0,0.0,0.0,0.0,0.0,0.0,0.0,0.0,0.0,6.0,0.0,5.31,309,14,1
124757,Nathan Fernandes,5,5.61,1,3.17,263,,14,0.0,0.0,0.0,0.0,2.0,0.0,0.0,3.0,1.0,0.0,0.0,0.0,0.0,0.0,0.0,0.0,0.0,0.0,0.0,0.0,3.17,310,14,1
103179,Chris Ramos,5,7.09,1,1.6,263,,14,0.0,0.0,0.0,0.0,0.0,0.0,2.0,0.0,0.0,0.0,0.0,0.0,0.0,0.0,0.0,0.0,0.0,0.0,0.0,0.0,1.6,311,14,1
143072,Gabriel Abdias,2,3.0,3,0.0,263,,14,0.0,0.0,0.0,0.0,0.0,0.0,0.0,0.0,0.0,0.0,0.0,0.0,0.0,0.0,0.0,0.0,0.0,0.0,0.0,0.0,0.0,312,14,1
105214,Santi Rodríguez,4,6.07,1,2.08,263,,14,1.0,0.0,0.0,0.0,7.0,5.0,0.0,9.0,0.0,0.0,0.0,0.0,0.0,0.0,0.0,0.0,0.0,0.0,0.0,0.0,2.08,313,14,1
87225,Pedro Henrique,3,6.53,7,3.16,280,,14,2.0,0.0,0.0,0.0,9.0,5.0,2.0,10.0,0.0,0.0,0.0,1.0,0.0,0.0,3.0,0.0,0.0,0.0,0.0,0.0,3.16,314,14,1
94067,Matheus Fernandes,4,4.32,3,2.54,280,,14,2.0,0.0,0.0,0.0,12.0,13.0,9.0,5.0,1.0,1.0,0.0,1.0,0.0,0.0,0.0,0.0,0.0,0.0,0.0,0.0,2.54,315,14,1
93882,Cleiton,1,6.19,1,2.56,280,,14,1.0,13.0,8.0,0.0,0.0,0.0,0.0,0.0,0.0,0.0,0.0,0.0,0.0,0.0,2.0,0.0,0.0,0.0,0.0,0.0,2.56,316,14,1
100848,Luan Cândido,2,6.62,7,4.27,287,,14,0.0,0.0,0.0,0.0,4.0,5.0,3.0,3.0,1.0,2.0,0.0,2.0,0.0,0.0,2.0,0.0,0.0,0.0,0.0,0.0,4.27,317,14,1
142484,Barrera,4,4.55,1,1.71,263,,14,0.0,0.0,0.0,0.0,4.0,8.0,1.0,3.0,0.0,4.0,0.0,0.0,1.0,0.0,0.0,0.0,0.0,0.0,0.0,0.0,1.71,318,14,1
107170,Jeffinho,5,5.0,1,0.0,263,,14,0.0,0.0,0.0,0.0,0.0,0.0,0.0,0.0,0.0,0.0,0.0,0.0,0.0,0.0,0.0,0.0,0.0,0.0,0.0,0.0,0.0,319,14,1
105213,Sant Anna,2,9.23,3,9.0,280,,14,0.0,0.0,0.0,0.0,4.0,2.0,0.0,1.0,1.0,1.0,0.0,1.0,0.0,0.0,3.0,0.0,0.0,0.0,0.0,0.0,9.0,320,14,1
104588,Fabrício,1,2.0,3,0.0,280,,14,0.0,0.0,0.0,0.0,0.0,0.0,0.0,0.0,0.0,0.0,0.0,0.0,0.0,0.0,0.0,0.0,0.0,0.0,0.0,0.0,0.0,321,14,1
78605,Gabriel,4,6.17,7,3.29,280,,14,4.0,0.0,0.0,1.0,14.0,10.0,2.0,8.0,0.0,4.0,2.0,0.0,0.0,0.0,0.0,0.0,0.0,0.0,0.0,0.0,3.29,322,14,1
111246,Alix Vinicius,3,5.08,7,2.39,280,,14,3.0,0.0,0.0,0.0,9.0,22.0,2.0,5.0,0.0,1.0,0.0,0.0,0.0,0.0,4.0,0.0,0.0,1.0,0.0,0.0,2.39,323,14,1
106434,Eduardo Santos,3,4.6,1,1.4,280,,14,0.0,0.0,0.0,0.0,1.0,1.0,0.0,0.0,0.0,0.0,0.0,0.0,1.0,0.0,0.0,0.0,0.0,0.0,0.0,0.0,1.4,324,14,1
94968,Juninho Capixaba,2,12.94,7,7.35,280,,14,6.0,0.0,0.0,0.0,24.0,24.0,9.0,16.0,2.0,1.0,2.0,1.0,1.0,0.0,4.0,0.0,0.0,0.0,0.0,0.0,7.35,325,14,1
100695,Fernando,5,3.07,1,1.45,280,,14,0.0,0.0,0.0,0.0,2.0,1.0,0.0,4.0,0.0,1.0,0.0,1.0,0.0,0.0,0.0,0.0,0.0,0.0,0.0,0.0,1.45,326,14,1
110750,Gustavo Marques,3,7.37,1,4.53,280,,14,1.0,0.0,0.0,0.0,17.0,8.0,6.0,10.0,0.0,2.0,0.0,0.0,0.0,0.0,4.0,0.0,0.0,0.0,0.0,0.0,4.53,327,14,1
110715,Andrés Hurtado,2,5.74,7,3.54,280,,14,2.0,0.0,0.0,0.0,8.0,7.0,6.0,4.0,0.0,1.0,1.0,0.0,0.0,0.0,3.0,0.0,0.0,0.0,0.0,0.0,3.54,328,14,1
108133,Isidro Pitta,5,5.32,7,3.67,280,,14,1.0,0.0,0.0,0.0,1.0,12.0,14.0,5.0,1.0,4.0,4.0,7.0,0.0,0.0,0.0,0.0,1.0,0.0,0.0,0.0,3.67,329,14,1
107236,Vanderlan,2,5.0,1,0.0,280,,14,0.0,0.0,0.0,0.0,0.0,0.0,0.0,0.0,0.0,0.0,0.0,0.0,0.0,0.0,0.0,0.0,0.0,0.0,0.0,0.0,0.0,330,14,1
112886,Lucas Barbosa,5,11.02,7,6.65,280,,14,3.0,0.0,0.0,0.0,20.0,27.0,15.0,25.0,1.0,12.0,3.0,4.0,0.0,0.0,0.0,0.0,0.0,0.0,0.0,0.0,6.65,331,14,1
113157,Nathan Mendes,2,6.61,7,4.82,287,,14,3.0,0.0,0.0,0.0,17.0,14.0,1.0,8.0,1.0,0.0,0.0,0.0,0.0,0.0,4.0,0.0,0.0,0.0,0.0,0.0,4.82,332,14,1
103295,Eric Ramires,4,2.36,1,0.24,280,,14,1.0,0.0,0.0,0.0,1.0,2.0,1.0,2.0,0.0,0.0,0.0,0.0,0.0,0.0,0.0,0.0,0.0,0.0,0.0,0.0,0.24,333,14,1
132580,Vinicinho,5,4.27,1,2.48,280,,14,0.0,0.0,0.0,0.0,8.0,1.0,0.0,14.0,0.0,1.0,0.0,1.0,0.0,0.0,0.0,0.0,0.0,0.0,0.0,0.0,2.48,334,14,1
107744,Praxedes,4,4.0,1,0.0,280,,14,0.0,0.0,0.0,0.0,0.0,0.0,0.0,0.0,0.0,0.0,0.0,0.0,0.0,0.0,0.0,0.0,0.0,0.0,0.0,0.0,0.0,335,14,1
122755,Lucas Cunha,3,3.0,1,0.0,280,,14,0.0,0.0,0.0,0.0,0.0,0.0,0.0,0.0,0.0,0.0,0.0,0.0,0.0,0.0,0.0,0.0,0.0,0.0,0.0,0.0,0.0,336,14,1
72605,Vitor Hugo,3,6.83,7,2.92,282,,14,1.0,0.0,0.0,0.0,4.0,2.0,1.0,3.0,0.0,0.0,0.0,0.0,0.0,0.0,1.0,0.0,0.0,0.0,0.0,0.0,2.92,337,14,1
122394,Gustavinho,4,6.75,1,3.22,280,,14,1.0,0.0,0.0,0.0,13.0,14.0,1.0,5.0,1.0,4.0,1.0,0.0,0.0,0.0,0.0,0.0,0.0,0.0,0.0,0.0,3.22,338,14,1
111760,Fabinho,4,2.04,7,-0.08,280,,14,0.0,0.0,0.0,0.0,2.0,8.0,0.0,4.0,0.0,0.0,0.0,0.0,0.0,0.0,0.0,0.0,0.0,1.0,0.0,0.0,-0.08,339,14,1
138021,Palacios,3,3.0,1,0.0,280,,14,0.0,0.0,0.0,0.0,0.0,0.0,0.0,0.0,0.0,0.0,0.0,0.0,0.0,0.0,0.0,0.0,0.0,0.0,0.0,0.0,0.0,340,14,1
124239,Henry Mosquera,5,5.68,1,3.98,280,,14,1.0,0.0,0.0,0.0,11.0,10.0,12.0,10.0,2.0,6.0,0.0,5.0,0.0,0.0,0.0,0.0,0.0,0.0,0.0,0.0,3.98,341,14,1
132274,Ignacio Sosa,4,3.25,1,1.24,280,,14,4.0,0.0,0.0,0.0,8.0,13.0,1.0,15.0,0.0,1.0,0.0,0.0,0.0,0.0,0.0,0.0,0.0,0.0,0.0,0.0,1.24,342,14,1
122897,Guzmán Rodríguez,3,6.0,3,0.0,280,,14,0.0,0.0,0.0,0.0,0.0,0.0,0.0,0.0,0.0,0.0,0.0,0.0,0.0,0.0,0.0,0.0,0.0,0.0,0.0,0.0,0.0,343,14,1
140906,Davi Gomes,5,5.19,3,4.25,280,,14,0.0,0.0,0.0,0.0,1.0,0.0,2.0,0.0,0.0,2.0,0.0,0.0,1.0,0.0,0.0,0.0,0.0,0.0,0.0,0.0,4.25,344,14,1
98909,Cuello,5,9.99,7,6.4,282,,14,0.0,0.0,0.0,0.0,21.0,10.0,14.0,16.0,1.0,3.0,2.0,11.0,4.0,0.0,0.0,0.0,0.0,0.0,0.0,0.0,6.4,345,14,1
68920,Dudu,5,6.58,1,2.78,282,,14,0.0,0.0,0.0,0.0,2.0,2.0,4.0,9.0,0.0,6.0,2.0,0.0,0.0,0.0,0.0,0.0,0.0,0.0,0.0,0.0,2.78,346,14,1
72460,Bernard,4,4.37,7,1.81,282,,14,0.0,0.0,0.0,0.0,5.0,4.0,0.0,9.0,0.0,1.0,1.0,0.0,0.0,0.0,0.0,0.0,0.0,0.0,0.0,0.0,1.81,347,14,1
91607,Rony,5,5.28,1,1.98,277,,14,3.0,0.0,0.0,0.0,9.0,14.0,4.0,19.0,0.0,1.0,0.0,4.0,0.0,0.0,0.0,0.0,0.0,0.0,0.0,0.0,1.98,348,14,1
100084,Igor Gomes,4,3.72,1,-0.14,282,,14,1.0,0.0,0.0,0.0,0.0,4.0,0.0,3.0,0.0,0.0,0.0,0.0,0.0,0.0,0.0,0.0,0.0,0.0,0.0,0.0,-0.14,349,14,1
92087,Lyanco,3,8.52,5,3.24,282,,14,2.0,0.0,0.0,0.0,7.0,8.0,2.0,3.0,0.0,0.0,0.0,0.0,0.0,0.0,2.0,0.0,0.0,1.0,0.0,0.0,3.24,350,14,1
39656,Alan Franco,4,5.73,5,2.52,282,,14,3.0,0.0,0.0,0.0,20.0,20.0,3.0,4.0,1.0,2.0,0.0,1.0,0.0,0.0,0.0,0.0,0.0,0.0,0.0,0.0,2.52,351,14,1
101002,Júnior Santos,5,4.55,1,2.24,263,,14,1.0,0.0,0.0,0.0,3.0,4.0,1.0,7.0,0.0,3.0,1.0,2.0,0.0,0.0,0.0,0.0,0.0,0.0,0.0,0.0,2.24,352,14,1
107554,Natanael,2,8.6,7,5.01,282,,14,0.0,0.0,0.0,0.0,11.0,9.0,2.0,11.0,2.0,2.0,0.0,2.0,0.0,0.0,1.0,0.0,0.0,1.0,0.0,0.0,5.01,353,14,1
100842,Ruan,3,5.24,7,2.95,282,,14,5.0,0.0,0.0,0.0,15.0,14.0,2.0,11.0,0.0,0.0,1.0,1.0,0.0,0.0,2.0,0.0,0.0,0.0,0.0,0.0,2.95,354,14,1
87999,Gustavo Scarpa,4,7.06,1,3.09,282,,14,0.0,0.0,0.0,0.0,3.0,2.0,7.0,6.0,1.0,2.0,1.0,0.0,1.0,0.0,0.0,0.0,0.0,0.0,0.0,0.0,3.09,355,14,1
78435,Vitinho,5,5.06,1,2.13,264,,14,0.0,0.0,0.0,0.0,5.0,5.0,5.0,5.0,0.0,2.0,0.0,0.0,0.0,0.0,0.0,0.0,0.0,0.0,0.0,0.0,2.13,356,14,1
88312,Junior Alonso,3,5.21,1,2.59,282,,14,2.0,0.0,0.0,1.0,9.0,5.0,2.0,5.0,0.0,0.0,0.0,0.0,0.0,0.0,1.0,0.0,0.0,0.0,0.0,0.0,2.59,357,14,1
103767,Gabriel Menino,4,9.21,3,5.24,277,,14,2.0,0.0,0.0,0.0,13.0,5.0,4.0,12.0,0.0,3.0,1.0,1.0,0.0,0.0,0.0,0.0,0.0,0.0,0.0,0.0,5.24,358,14,1
118774,Alexsander,4,6.76,7,0.85,282,,14,1.0,0.0,0.0,0.0,1.0,1.0,0.0,3.0,0.0,0.0,0.0,0.0,0.0,0.0,0.0,0.0,0.0,0.0,0.0,0.0,0.85,359,14,1
107183,Léo Linck,1,6.0,1,0.0,263,,14,0.0,0.0,0.0,0.0,0.0,0.0,0.0,0.0,0.0,0.0,0.0,0.0,0.0,0.0,0.0,0.0,0.0,0.0,0.0,0.0,0.0,360,14,1
115674,Gabriel Delfim,1,2.0,1,0.0,282,,14,0.0,0.0,0.0,0.0,0.0,0.0,0.0,0.0,0.0,0.0,0.0,0.0,0.0,0.0,0.0,0.0,0.0,0.0,0.0,0.0,0.0,361,14,1
85048,Memphis Depay,5,9.81,1,2.15,264,,14,0.0,0.0,0.0,0.0,1.0,4.0,2.0,4.0,0.0,1.0,1.0,2.0,0.0,0.0,0.0,0.0,0.0,0.0,0.0,0.0,2.15,362,14,1
130889,Riquelme,4,2.42,5,-1.45,284,,14,0.0,0.0,0.0,0.0,0.0,3.0,0.0,2.0,0.0,0.0,0.0,0.0,0.0,0.0,0.0,0.0,0.0,1.0,0.0,0.0,-1.45,363,14,1
95556,Raniele,4,7.49,7,3.51,264,,14,4.0,0.0,0.0,0.0,25.0,23.0,5.0,14.0,0.0,1.0,0.0,1.0,0.0,0.0,0.0,0.0,0.0,0.0,0.0,0.0,3.51,364,14,1
98720,Angileri,2,4.73,1,2.45,264,,14,2.0,0.0,0.0,0.0,3.0,2.0,1.0,4.0,0.0,0.0,0.0,0.0,0.0,0.0,2.0,0.0,0.0,0.0,0.0,0.0,2.45,365,14,1
122990,Patrick,4,4.0,3,0.0,282,,14,0.0,0.0,0.0,0.0,0.0,0.0,0.0,0.0,0.0,0.0,0.0,0.0,0.0,0.0,0.0,0.0,0.0,0.0,0.0,0.0,0.0,366,14,1
92440,André Ramalho,3,5.76,1,2.37,264,,14,3.0,0.0,0.0,0.0,4.0,5.0,0.0,6.0,0.0,0.0,0.0,0.0,0.0,0.0,1.0,0.0,0.0,0.0,0.0,0.0,2.37,367,14,1
106593,Villalba,3,6.84,1,2.31,283,,14,1.0,0.0,0.0,1.0,7.0,10.0,2.0,3.0,0.0,0.0,0.0,1.0,0.0,0.0,2.0,0.0,0.0,0.0,0.0,0.0,2.31,368,14,1
124661,Iván Román,3,8.47,1,6.4,282,,14,2.0,0.0,0.0,0.0,7.0,9.0,1.0,2.0,0.0,0.0,1.0,0.0,0.0,0.0,2.0,0.0,0.0,0.0,0.0,0.0,6.4,369,14,1
97642,Félix Torres,3,4.5,7,2.82,285,,14,2.0,0.0,0.0,0.0,11.0,11.0,3.0,5.0,0.0,0.0,0.0,0.0,0.0,0.0,3.0,0.0,0.0,0.0,0.0,0.0,2.82,370,14,1
101574,Hugo Souza,1,9.8,7,4.84,264,,14,1.0,29.0,10.0,1.0,0.0,0.0,0.0,1.0,0.0,0.0,0.0,0.0,0.0,0.0,4.0,0.0,0.0,0.0,0.0,1.0,4.84,371,14,1
105068,Reinier,4,4.39,1,2.85,282,,14,1.0,0.0,0.0,0.0,5.0,6.0,4.0,6.0,1.0,6.0,1.0,0.0,1.0,0.0,0.0,0.0,0.0,0.0,0.0,0.0,2.85,372,14,1
105531,Matheus Bidu,2,12.57,7,8.43,264,,14,3.0,0.0,0.0,1.0,22.0,12.0,3.0,29.0,1.0,1.0,2.0,2.0,0.0,0.0,4.0,0.0,0.0,0.0,0.0,0.0,8.43,373,14,1
102340,Cacá,3,5.72,7,3.28,287,,14,2.0,0.0,0.0,1.0,4.0,4.0,1.0,2.0,0.0,1.0,1.0,0.0,0.0,0.0,4.0,0.0,0.0,0.0,0.0,0.0,3.28,374,14,1
117910,Breno Bidon,4,9.1,7,3.38,264,,14,1.0,0.0,0.0,0.0,11.0,12.0,2.0,32.0,0.0,0.0,1.0,0.0,1.0,0.0,0.0,0.0,0.0,0.0,0.0,0.0,3.38,375,14,1
125488,João Pedro,3,8.84,1,7.7,264,,14,1.0,0.0,0.0,0.0,2.0,3.0,1.0,1.0,0.0,0.0,1.0,0.0,0.0,0.0,1.0,0.0,0.0,0.0,0.0,0.0,7.7,376,14,1
117632,Garro,4,10.1,7,4.01,264,,14,2.0,0.0,0.0,0.0,3.0,6.0,6.0,31.0,4.0,7.0,0.0,1.0,1.0,0.0,0.0,0.0,0.0,0.0,0.0,0.0,4.01,377,14,1
107908,Hugo,2,4.0,3,0.0,264,,14,0.0,0.0,0.0,0.0,0.0,0.0,0.0,0.0,0.0,0.0,0.0,0.0,0.0,0.0,0.0,0.0,0.0,0.0,0.0,0.0,0.0,378,14,1
96342,Charles,4,3.53,3,1.03,264,,14,0.0,0.0,0.0,0.0,2.0,1.0,0.0,1.0,0.0,0.0,0.0,1.0,0.0,0.0,0.0,0.0,0.0,0.0,0.0,0.0,1.03,379,14,1
121824,Kayke,5,3.64,3,1.65,264,,14,0.0,0.0,0.0,0.0,5.0,1.0,0.0,3.0,0.0,1.0,0.0,0.0,0.0,0.0,0.0,0.0,0.0,0.0,0.0,0.0,1.65,380,14,1
107179,Matheus Donelli,1,3.0,1,0.0,264,,14,0.0,0.0,0.0,0.0,0.0,0.0,0.0,0.0,0.0,0.0,0.0,0.0,0.0,0.0,0.0,0.0,0.0,0.0,0.0,0.0,0.0,381,14,1
42500,Fagner,2,5.98,7,3.08,283,,14,1.0,0.0,0.0,0.0,8.0,8.0,0.0,2.0,1.0,0.0,0.0,0.0,0.0,0.0,2.0,0.0,0.0,0.0,0.0,0.0,3.08,382,14,1
84558,Lucas Romero,4,8.2,7,4.19,283,,14,1.0,0.0,0.0,0.0,8.0,9.0,1.0,8.0,2.0,2.0,1.0,0.0,0.0,0.0,0.0,0.0,0.0,0.0,0.0,0.0,4.19,383,14,1
127242,Bahia,4,2.0,1,0.0,264,,14,0.0,0.0,0.0,0.0,0.0,0.0,0.0,0.0,0.0,0.0,0.0,0.0,0.0,0.0,0.0,0.0,0.0,0.0,0.0,0.0,0.0,384,14,1
79701,Lucas Silva,4,3.63,1,0.37,283,,14,3.0,0.0,0.0,0.0,4.0,5.0,2.0,2.0,0.0,0.0,0.0,0.0,0.0,0.0,0.0,0.0,0.0,0.0,0.0,0.0,0.37,385,14,1
98225,Pedro Raul,5,2.86,1,0.03,264,,14,0.0,0.0,0.0,0.0,0.0,5.0,1.0,2.0,0.0,0.0,0.0,1.0,0.0,0.0,0.0,0.0,0.0,0.0,0.0,0.0,0.03,386,14,1
96610,Matheus Pereira,4,13.99,7,5.63,283,,14,7.0,0.0,0.0,0.0,10.0,30.0,14.0,47.0,2.0,6.0,2.0,3.0,0.0,1.0,0.0,0.0,0.0,0.0,0.0,0.0,5.63,387,14,1
133543,Gui Negão,5,3.97,1,1.35,264,,14,0.0,0.0,0.0,0.0,4.0,2.0,0.0,0.0,0.0,0.0,0.0,0.0,0.0,0.0,0.0,0.0,0.0,0.0,0.0,0.0,1.35,388,14,1
122396,Ryan,4,3.0,1,0.0,264,,14,0.0,0.0,0.0,0.0,0.0,0.0,0.0,0.0,0.0,0.0,0.0,0.0,0.0,0.0,0.0,0.0,0.0,0.0,0.0,0.0,0.0,389,14,1
89275,William,2,8.51,1,3.57,283,,14,1.0,0.0,0.0,0.0,13.0,9.0,1.0,3.0,0.0,3.0,0.0,1.0,0.0,0.0,2.0,0.0,0.0,1.0,0.0,0.0,3.57,390,14,1
131753,Felipe Longo,1,2.0,1,0.0,264,,14,0.0,0.0,0.0,0.0,0.0,0.0,0.0,0.0,0.0,0.0,0.0,0.0,0.0,0.0,0.0,0.0,0.0,0.0,0.0,0.0,0.0,391,14,1
111690,Matheus Cunha,1,4.64,1,3.23,283,,14,1.0,12.0,11.0,0.0,0.0,0.0,0.0,1.0,1.0,0.0,0.0,0.0,0.0,0.0,4.0,0.0,0.0,0.0,0.0,0.0,3.23,392,14,1
145744,André,4,5.23,5,3.34,264,,14,1.0,0.0,0.0,0.0,16.0,12.0,4.0,15.0,0.0,1.0,1.0,0.0,0.0,0.0,0.0,0.0,0.0,2.0,0.0,0.0,3.34,393,14,1
105047,João Marcelo,3,3.81,1,1.92,283,,14,0.0,0.0,0.0,0.0,3.0,3.0,0.0,2.0,0.0,0.0,0.0,0.0,0.0,0.0,1.0,0.0,0.0,0.0,0.0,0.0,1.92,394,14,1
100742,Matheus Henrique,4,5.17,1,1.61,283,,14,1.0,0.0,0.0,1.0,11.0,7.0,4.0,14.0,0.0,0.0,0.0,0.0,0.0,0.0,0.0,0.0,0.0,0.0,0.0,0.0,1.61,395,14,1
143600,Kauã Moraes,2,6.27,7,4.37,283,,14,1.0,0.0,0.0,0.0,4.0,9.0,1.0,9.0,1.0,0.0,1.0,0.0,0.0,0.0,2.0,0.0,0.0,0.0,0.0,0.0,4.37,396,14,1
132264,Arroyo,5,4.87,5,2.87,283,,14,2.0,0.0,0.0,0.0,7.0,15.0,8.0,15.0,1.0,8.0,1.0,2.0,0.0,0.0,0.0,0.0,0.0,1.0,0.0,0.0,2.87,397,14,1
124912,Jonathan Jesus,3,5.72,7,3.07,283,,14,0.0,0.0,0.0,0.0,5.0,3.0,1.0,2.0,0.0,0.0,0.0,0.0,0.0,0.0,2.0,0.0,0.0,0.0,0.0,0.0,3.07,398,14,1
88479,Walace,4,4.0,1,0.0,283,,14,0.0,0.0,0.0,0.0,0.0,0.0,0.0,0.0,0.0,0.0,0.0,0.0,0.0,0.0,0.0,0.0,0.0,0.0,0.0,0.0,0.0,399,14,1
141995,Dieguinho,4,4.9,1,2.34,264,,14,0.0,0.0,0.0,0.0,1.0,1.0,2.0,2.0,0.0,0.0,1.0,1.0,0.0,0.0,0.0,0.0,0.0,0.0,0.0,0.0,2.34,400,14,1
93478,Wanderson,5,4.09,1,1.27,283,,14,0.0,0.0,0.0,0.0,2.0,7.0,5.0,3.0,0.0,2.0,1.0,3.0,0.0,0.0,0.0,0.0,0.0,0.0,0.0,0.0,1.27,401,14,1
113158,Marquinhos,5,4.0,1,0.0,283,,14,0.0,0.0,0.0,0.0,0.0,0.0,0.0,0.0,0.0,0.0,0.0,0.0,0.0,0.0,0.0,0.0,0.0,0.0,0.0,0.0,0.0,402,14,1
117404,Otávio,1,1.18,7,-1.7,283,,14,0.0,1.0,3.0,0.0,0.0,0.0,0.0,0.0,0.0,0.0,0.0,0.0,0.0,0.0,0.0,0.0,0.0,0.0,0.0,0.0,-1.7,403,14,1
69783,Danilo,3,6.23,1,0.5,262,,14,0.0,0.0,0.0,0.0,1.0,0.0,0.0,0.0,0.0,0.0,0.0,0.0,0.0,0.0,0.0,0.0,0.0,0.0,0.0,0.0,0.5,404,14,1
146807,Rayan Lelis,5,2.0,1,0.0,283,,14,0.0,0.0,0.0,0.0,0.0,0.0,0.0,0.0,0.0,0.0,0.0,0.0,0.0,0.0,0.0,0.0,0.0,0.0,0.0,0.0,0.0,405,14,1
92182,Juninho,3,6.58,1,5.0,285,,14,0.0,0.0,0.0,0.0,0.0,0.0,0.0,0.0,0.0,0.0,0.0,0.0,0.0,0.0,1.0,0.0,0.0,0.0,0.0,0.0,5.0,406,14,1
114405,Sinisterra,5,5.36,1,0.95,283,,14,0.0,0.0,0.0,0.0,1.0,3.0,1.0,1.0,0.0,0.0,0.0,0.0,0.0,0.0,0.0,0.0,0.0,0.0,0.0,0.0,0.95,407,14,1
83528,Léo Pereira,3,9.44,7,4.35,262,,14,4.0,0.0,0.0,0.0,7.0,12.0,4.0,4.0,0.0,2.0,1.0,0.0,0.0,0.0,5.0,0.0,0.0,0.0,0.0,0.0,4.35,408,14,1
131967,Villarreal,5,8.29,7,5.85,283,,14,0.0,0.0,0.0,0.0,5.0,8.0,6.0,8.0,0.0,5.0,3.0,1.0,1.0,0.0,0.0,0.0,0.0,0.0,0.0,0.0,5.85,409,14,1
84816,Varela,2,8.09,7,4.95,262,,14,2.0,0.0,0.0,0.0,12.0,5.0,2.0,5.0,2.0,0.0,0.0,1.0,0.0,1.0,5.0,0.0,0.0,0.0,0.0,0.0,4.95,410,14,1
139345,Kauã Prates,2,3.39,3,0.0,283,,14,0.0,0.0,0.0,0.0,0.0,0.0,0.0,0.0,0.0,0.0,0.0,0.0,0.0,0.0,0.0,0.0,0.0,0.0,0.0,0.0,0.0,411,14,1
137543,Tevis,5,2.0,1,0.0,283,,14,0.0,0.0,0.0,0.0,0.0,0.0,0.0,0.0,0.0,0.0,0.0,0.0,0.0,0.0,0.0,0.0,0.0,0.0,0.0,0.0,0.0,412,14,1
82627,Luiz Araújo,5,7.36,1,2.6,262,,14,1.0,0.0,0.0,0.0,6.0,4.0,0.0,5.0,1.0,1.0,1.0,1.0,0.0,0.0,0.0,0.0,0.0,0.0,0.0,0.0,2.6,413,14,1
84735,Jorginho,4,11.16,7,4.21,262,,14,2.0,0.0,0.0,0.0,16.0,7.0,0.0,10.0,0.0,0.0,2.0,0.0,0.0,0.0,0.0,0.0,0.0,1.0,0.0,0.0,4.21,414,14,1
137542,Kaique Kenji,5,1.95,1,0.0,283,,14,1.0,0.0,0.0,0.0,0.0,1.0,1.0,1.0,0.0,0.0,0.0,0.0,0.0,0.0,0.0,0.0,0.0,0.0,0.0,0.0,0.0,415,14,1
92854,Borré,5,6.6,1,2.92,285,,14,1.0,0.0,0.0,0.0,9.0,25.0,8.0,9.0,1.0,10.0,1.0,10.0,0.0,1.0,0.0,0.0,0.0,0.0,0.0,0.0,2.92,416,14,1
122660,Japa,4,5.93,1,5.2,283,,14,0.0,0.0,0.0,0.0,2.0,1.0,3.0,5.0,0.0,0.0,1.0,0.0,0.0,0.0,0.0,0.0,0.0,0.0,0.0,0.0,5.2,417,14,1
143350,Murilo Rhikman,4,2.95,1,0.5,283,,14,0.0,0.0,0.0,0.0,0.0,0.0,0.0,1.0,0.0,0.0,0.0,0.0,0.0,0.0,0.0,0.0,0.0,0.0,0.0,0.0,0.5,418,14,1
97867,Léo Ortiz,3,8.82,7,4.17,262,,14,0.0,0.0,0.0,0.0,8.0,8.0,0.0,3.0,0.0,0.0,1.0,1.0,2.0,0.0,5.0,0.0,0.0,0.0,0.0,0.0,4.17,419,14,1
90285,Bruno Henrique,5,4.89,1,0.75,262,,14,1.0,0.0,0.0,0.0,2.0,4.0,3.0,2.0,0.0,1.0,0.0,2.0,0.0,0.0,0.0,0.0,0.0,0.0,0.0,0.0,0.75,420,14,1
87863,Arrascaeta,4,16.62,3,6.41,262,,14,1.0,0.0,0.0,0.0,4.0,4.0,7.0,9.0,1.0,4.0,3.0,0.0,3.0,1.0,0.0,0.0,0.0,0.0,0.0,0.0,6.41,421,14,1
88393,Ayrton Lucas,2,8.54,7,3.62,262,,14,0.0,0.0,0.0,0.0,3.0,5.0,1.0,1.0,0.0,2.0,0.0,0.0,0.0,0.0,3.0,0.0,0.0,0.0,0.0,0.0,3.62,422,14,1
86757,Everton,5,6.12,1,1.63,262,,14,1.0,0.0,0.0,0.0,3.0,5.0,7.0,2.0,0.0,1.0,0.0,0.0,0.0,0.0,0.0,0.0,0.0,0.0,0.0,0.0,1.63,423,14,1
98873,Samuel Lino,5,10.21,7,6.16,262,,14,2.0,0.0,0.0,0.0,16.0,11.0,4.0,20.0,5.0,1.0,2.0,2.0,0.0,0.0,0.0,0.0,0.0,0.0,0.0,0.0,6.16,424,14,1
109096,Plata,5,11.71,7,8.11,262,,14,1.0,0.0,0.0,0.0,12.0,6.0,2.0,8.0,1.0,10.0,2.0,0.0,1.0,0.0,0.0,0.0,0.0,0.0,0.0,0.0,8.11,425,14,1
115914,Evertton Araújo,4,3.05,7,1.61,262,,14,1.0,0.0,0.0,0.0,5.0,12.0,7.0,2.0,1.0,0.0,0.0,0.0,1.0,0.0,0.0,0.0,0.0,1.0,0.0,0.0,1.61,426,14,1
99228,De la Cruz,4,5.34,1,1.36,262,,14,1.0,0.0,0.0,0.0,4.0,6.0,1.0,11.0,0.0,0.0,0.0,0.0,0.0,0.0,0.0,0.0,0.0,0.0,0.0,0.0,1.36,427,14,1
122320,Daniel Sales,2,2.0,1,0.0,262,,14,0.0,0.0,0.0,0.0,0.0,0.0,0.0,0.0,0.0,0.0,0.0,0.0,0.0,0.0,0.0,0.0,0.0,0.0,0.0,0.0,0.0,428,14,1
130189,Léo Nannetti,1,2.0,1,0.0,262,,14,0.0,0.0,0.0,0.0,0.0,0.0,0.0,0.0,0.0,0.0,0.0,0.0,0.0,0.0,0.0,0.0,0.0,0.0,0.0,0.0,0.0,429,14,1
91473,Erick Pulgar,4,6.08,3,1.53,262,,14,3.0,0.0,0.0,0.0,10.0,10.0,0.0,4.0,0.0,1.0,0.0,0.0,0.0,0.0,0.0,0.0,0.0,1.0,0.0,0.0,1.53,430,14,1
62977,Ganso,4,3.27,1,0.85,266,,14,1.0,0.0,0.0,0.0,4.0,5.0,0.0,5.0,0.0,1.0,0.0,0.0,1.0,0.0,0.0,0.0,0.0,0.0,0.0,0.0,0.85,431,14,1
96870,Emerson Royal,2,6.12,1,3.92,262,,14,0.0,0.0,0.0,0.0,4.0,5.0,1.0,1.0,0.0,0.0,0.0,1.0,0.0,0.0,2.0,0.0,0.0,0.0,0.0,0.0,3.92,432,14,1
96652,Allan,4,2.88,5,0.95,264,,14,3.0,0.0,0.0,0.0,7.0,10.0,3.0,7.0,0.0,1.0,0.0,0.0,0.0,0.0,0.0,0.0,0.0,1.0,0.0,0.0,0.95,433,14,1
78445,Renê,2,9.53,1,6.22,266,,14,0.0,0.0,0.0,0.0,16.0,5.0,2.0,4.0,2.0,3.0,0.0,0.0,0.0,0.0,2.0,0.0,0.0,0.0,0.0,0.0,6.22,434,14,1
73384,Samuel Xavier,2,8.45,7,4.13,266,,14,1.0,0.0,0.0,0.0,13.0,9.0,1.0,19.0,0.0,1.0,0.0,1.0,0.0,0.0,2.0,0.0,0.0,0.0,0.0,0.0,4.13,435,14,1
122318,Dyogo Alves,1,3.0,1,0.0,262,,14,0.0,0.0,0.0,0.0,0.0,0.0,0.0,0.0,0.0,0.0,0.0,0.0,0.0,0.0,0.0,0.0,0.0,0.0,0.0,0.0,0.0,436,14,1
130382,Guilherme Gomes,4,3.0,1,0.0,262,,14,0.0,0.0,0.0,0.0,0.0,0.0,0.0,0.0,0.0,0.0,0.0,0.0,0.0,0.0,0.0,0.0,0.0,0.0,0.0,0.0,0.0,437,14,1
145705,Douglas Telles,5,2.0,1,0.0,262,,14,0.0,0.0,0.0,0.0,0.0,0.0,0.0,0.0,0.0,0.0,0.0,0.0,0.0,0.0,0.0,0.0,0.0,0.0,0.0,0.0,0.0,438,14,1
78855,Thiago Santos,3,3.12,5,2.16,294,,14,3.0,0.0,0.0,0.0,3.0,4.0,0.0,4.0,0.0,0.0,0.0,0.0,0.0,0.0,3.0,0.0,0.0,0.0,0.0,0.0,2.16,439,14,1
140303,Da Mata,3,2.0,1,0.0,262,,14,0.0,0.0,0.0,0.0,0.0,0.0,0.0,0.0,0.0,0.0,0.0,0.0,0.0,0.0,0.0,0.0,0.0,0.0,0.0,0.0,0.0,440,14,1
78117,Everaldo,5,6.07,1,4.13,265,,14,1.0,0.0,0.0,0.0,8.0,11.0,4.0,14.0,0.0,3.0,3.0,1.0,0.0,0.0,0.0,0.0,0.0,0.0,0.0,0.0,4.13,441,14,1
140492,João Victor,3,2.0,1,0.0,262,,14,0.0,0.0,0.0,0.0,0.0,0.0,0.0,0.0,0.0,0.0,0.0,0.0,0.0,0.0,0.0,0.0,0.0,0.0,0.0,0.0,0.0,442,14,1
122573,Wallace Yan,5,3.34,1,0.33,262,,14,0.0,0.0,0.0,0.0,0.0,2.0,0.0,4.0,0.0,0.0,0.0,1.0,0.0,0.0,0.0,0.0,0.0,0.0,0.0,0.0,0.33,443,14,1
143295,Joshua,4,3.0,1,0.0,262,,14,0.0,0.0,0.0,0.0,0.0,0.0,0.0,0.0,0.0,0.0,0.0,0.0,0.0,0.0,0.0,0.0,0.0,0.0,0.0,0.0,0.0,444,14,1
87228,Guilherme Arana,2,9.07,7,4.16,266,,14,2.0,0.0,0.0,0.0,12.0,8.0,5.0,5.0,0.0,3.0,1.0,1.0,0.0,0.0,2.0,0.0,0.0,0.0,0.0,0.0,4.16,445,14,1
99366,Luis Zubeldía,6,10.21,7,5.9,266,,14,0.0,0.0,0.0,0.0,0.0,0.0,0.0,0.0,0.0,0.0,0.0,0.0,0.0,0.0,0.0,0.0,0.0,0.0,8.0,0.0,5.9,446,14,1
79631,Cano,5,5.37,3,0.8,266,,14,0.0,0.0,0.0,0.0,0.0,0.0,2.0,0.0,0.0,0.0,0.0,0.0,0.0,0.0,0.0,0.0,0.0,0.0,0.0,0.0,0.8,447,14,1
86485,Keno,5,4.12,3,0.73,294,,14,0.0,0.0,0.0,0.0,0.0,2.0,1.0,3.0,0.0,1.0,0.0,0.0,0.0,0.0,0.0,0.0,0.0,0.0,0.0,0.0,0.73,448,14,1
103523,Ignácio,3,5.45,7,2.22,266,,14,1.0,0.0,0.0,0.0,5.0,6.0,3.0,2.0,0.0,0.0,0.0,0.0,1.0,0.0,0.0,0.0,0.0,0.0,0.0,0.0,2.22,449,14,1
82463,Otávio,4,2.51,1,0.32,266,,14,1.0,0.0,0.0,0.0,1.0,2.0,0.0,1.0,0.0,1.0,0.0,0.0,0.0,0.0,0.0,0.0,0.0,0.0,0.0,0.0,0.32,450,14,1
102137,Vitor Eudes,1,2.0,1,0.0,266,,14,0.0,0.0,0.0,0.0,0.0,0.0,0.0,0.0,0.0,0.0,0.0,0.0,0.0,0.0,0.0,0.0,0.0,0.0,0.0,0.0,0.0,451,14,1
101319,Guga,2,6.38,1,3.81,266,,14,1.0,0.0,0.0,0.0,6.0,5.0,2.0,5.0,2.0,0.0,0.0,1.0,0.0,0.0,2.0,0.0,0.0,0.0,0.0,0.0,3.81,452,14,1
110759,John Kennedy,5,9.23,6,6.38,266,,14,0.0,0.0,0.0,0.0,8.0,17.0,6.0,5.0,0.0,15.0,6.0,2.0,1.0,0.0,0.0,0.0,0.0,0.0,0.0,0.0,6.38,453,14,1
113034,Freytes,3,5.11,7,2.69,266,,14,2.0,0.0,0.0,0.0,12.0,14.0,6.0,7.0,0.0,0.0,0.0,0.0,0.0,0.0,3.0,0.0,0.0,0.0,0.0,0.0,2.69,454,14,1
100987,Nonato,4,6.8,1,3.53,266,,14,2.0,0.0,0.0,0.0,0.0,3.0,0.0,1.0,1.0,0.0,1.0,0.0,0.0,0.0,0.0,0.0,0.0,0.0,0.0,0.0,3.53,455,14,1
102928,Canobbio,5,10.38,7,7.14,266,,14,3.0,0.0,0.0,0.0,18.0,15.0,6.0,16.0,1.0,6.0,3.0,1.0,2.0,0.0,0.0,0.0,0.0,1.0,0.0,0.0,7.14,456,14,1
101478,Marcelo Pitaluga,1,3.0,1,0.0,266,,14,0.0,0.0,0.0,0.0,0.0,0.0,0.0,0.0,0.0,0.0,0.0,0.0,0.0,0.0,0.0,0.0,0.0,0.0,0.0,0.0,0.0,457,14,1
87258,Soteldo,5,4.18,1,1.12,266,,14,0.0,0.0,0.0,0.0,0.0,1.0,3.0,9.0,0.0,2.0,0.0,1.0,0.0,0.0,0.0,0.0,0.0,0.0,0.0,0.0,1.12,458,14,1
130650,Bernal,4,4.32,7,2.34,266,,14,1.0,0.0,0.0,0.0,9.0,7.0,5.0,4.0,0.0,0.0,0.0,0.0,0.0,0.0,0.0,0.0,0.0,0.0,0.0,0.0,2.34,459,14,1
116447,Hércules,4,7.87,7,5.26,266,,14,1.0,0.0,0.0,0.0,22.0,19.0,7.0,5.0,0.0,4.0,3.0,1.0,0.0,0.0,0.0,0.0,0.0,0.0,0.0,0.0,5.26,460,14,1
89493,Igor Rabello,3,5.0,1,0.0,266,,14,0.0,0.0,0.0,0.0,0.0,0.0,0.0,0.0,0.0,0.0,0.0,0.0,0.0,0.0,0.0,0.0,0.0,0.0,0.0,0.0,0.0,461,14,1
132071,Serna,5,5.48,1,2.21,266,,14,1.0,0.0,0.0,0.0,7.0,10.0,7.0,13.0,1.0,4.0,0.0,4.0,1.0,0.0,0.0,0.0,0.0,0.0,0.0,0.0,2.21,462,14,1
72018,Tiago Volpi,1,8.86,7,4.19,280,,14,0.0,21.0,8.0,0.0,0.0,0.0,0.0,0.0,0.0,0.0,0.0,0.0,0.0,0.0,2.0,0.0,0.0,0.0,0.0,0.0,4.19,463,14,1
140484,Riquelme Felipe,5,4.36,1,1.7,266,,14,0.0,0.0,0.0,0.0,1.0,1.0,0.0,1.0,0.0,0.0,0.0,0.0,0.0,0.0,0.0,0.0,0.0,0.0,0.0,0.0,1.7,464,14,1
63013,Marcos Rocha,2,7.36,1,0.0,284,,14,0.0,0.0,0.0,0.0,0.0,0.0,0.0,0.0,0.0,0.0,0.0,0.0,0.0,0.0,0.0,0.0,0.0,0.0,0.0,0.0,0.0,465,14,1
105807,Luan Freitas,3,3.0,1,0.0,266,,14,0.0,0.0,0.0,0.0,0.0,0.0,0.0,0.0,0.0,0.0,0.0,0.0,0.0,0.0,0.0,0.0,0.0,0.0,0.0,0.0,0.0,466,14,1
88037,Luís Castro,6,9.76,7,4.92,284,,14,0.0,0.0,0.0,0.0,0.0,0.0,0.0,0.0,0.0,0.0,0.0,0.0,0.0,0.0,0.0,0.0,0.0,0.0,4.0,0.0,4.92,467,14,1
87887,Balbuena,3,7.79,1,4.15,284,,14,0.0,0.0,0.0,0.0,9.0,1.0,1.0,2.0,0.0,0.0,0.0,1.0,0.0,0.0,2.0,0.0,0.0,0.0,0.0,0.0,4.15,468,14,1
127932,Júlio Fidelis,2,2.0,1,0.0,266,,14,0.0,0.0,0.0,0.0,0.0,0.0,0.0,0.0,0.0,0.0,0.0,0.0,0.0,0.0,0.0,0.0,0.0,0.0,0.0,0.0,0.0,469,14,1
63289,Edenílson,4,6.64,6,3.97,263,,14,1.0,0.0,0.0,0.0,5.0,9.0,2.0,4.0,2.0,2.0,3.0,1.0,0.0,0.0,0.0,0.0,0.0,0.0,0.0,0.0,3.97,470,14,1
87342,Kannemann,3,5.0,1,0.0,284,,14,0.0,0.0,0.0,0.0,0.0,0.0,0.0,0.0,0.0,0.0,0.0,0.0,0.0,0.0,0.0,0.0,0.0,0.0,0.0,0.0,0.0,471,14,1
102318,Caio Paulista,2,6.4,1,3.86,284,,14,0.0,0.0,0.0,0.0,5.0,0.0,1.0,2.0,0.0,0.0,0.0,0.0,0.0,0.0,2.0,0.0,0.0,0.0,0.0,0.0,3.86,472,14,1
42135,Willian,4,3.87,7,1.14,284,,14,0.0,0.0,0.0,0.0,2.0,1.0,2.0,5.0,0.0,1.0,0.0,0.0,0.0,0.0,0.0,0.0,0.0,0.0,0.0,0.0,1.14,473,14,1
92981,Ronaldo,4,3.89,1,2.85,285,,14,1.0,0.0,0.0,0.0,8.0,10.0,3.0,3.0,0.0,0.0,1.0,0.0,0.0,0.0,0.0,0.0,0.0,0.0,0.0,0.0,2.85,474,14,1
89273,João Pedro,2,3.33,1,0.6,284,,14,0.0,0.0,0.0,0.0,2.0,5.0,0.0,2.0,0.0,0.0,0.0,1.0,0.0,0.0,0.0,0.0,0.0,0.0,0.0,0.0,0.6,475,14,1
111309,Gustavo Martins,3,7.38,7,3.45,284,,14,3.0,0.0,0.0,1.0,7.0,12.0,5.0,3.0,2.0,1.0,0.0,1.0,0.0,0.0,3.0,0.0,0.0,0.0,0.0,0.0,3.45,476,14,1
91706,Marlon,2,10.32,3,6.62,284,,14,1.0,0.0,0.0,0.0,11.0,9.0,2.0,10.0,1.0,2.0,1.0,1.0,0.0,0.0,1.0,0.0,0.0,0.0,0.0,0.0,6.62,477,14,1
90532,Arthur Melo,4,8.21,3,3.41,284,,14,1.0,0.0,0.0,0.0,11.0,5.0,1.0,25.0,0.0,0.0,0.0,0.0,0.0,0.0,0.0,0.0,0.0,0.0,0.0,0.0,3.41,478,14,1
91908,Pavón,5,5.79,7,3.3,284,,14,2.0,0.0,0.0,0.0,27.0,9.0,3.0,3.0,0.0,3.0,0.0,2.0,1.0,0.0,0.0,0.0,0.0,0.0,0.0,0.0,3.3,479,14,1
104994,Wagner Leonardo,3,7.38,1,4.15,284,,14,0.0,0.0,0.0,0.0,12.0,7.0,2.0,1.0,0.0,0.0,0.0,1.0,0.0,0.0,2.0,0.0,0.0,1.0,0.0,0.0,4.15,480,14,1
112616,Gabriel Grando,1,4.0,1,0.0,284,,14,0.0,0.0,0.0,0.0,0.0,0.0,0.0,0.0,0.0,0.0,0.0,0.0,0.0,0.0,0.0,0.0,0.0,0.0,0.0,0.0,0.0,481,14,1
105563,Carlos Vinícius,5,14.46,7,5.66,284,,14,3.0,0.0,0.0,0.0,4.0,19.0,5.0,12.0,0.0,7.0,7.0,10.0,1.0,0.0,0.0,0.0,0.0,0.0,0.0,0.0,5.66,482,14,1
109966,Monsalve,4,3.12,1,0.64,284,,14,1.0,0.0,0.0,0.0,1.0,7.0,2.0,9.0,0.0,0.0,0.0,0.0,0.0,0.0,0.0,0.0,0.0,0.0,0.0,0.0,0.64,483,14,1
70944,Bruno Henrique,4,4.48,7,1.63,285,,14,0.0,0.0,0.0,0.0,7.0,10.0,4.0,5.0,0.0,4.0,0.0,1.0,0.0,0.0,0.0,0.0,0.0,0.0,0.0,0.0,1.63,484,14,1
118238,Ronald,4,3.0,1,0.0,284,,14,0.0,0.0,0.0,0.0,0.0,0.0,0.0,0.0,0.0,0.0,0.0,0.0,0.0,0.0,0.0,0.0,0.0,0.0,0.0,0.0,0.0,485,14,1
97145,Villasanti,4,7.0,1,0.0,284,,14,0.0,0.0,0.0,0.0,0.0,0.0,0.0,0.0,0.0,0.0,0.0,0.0,0.0,0.0,0.0,0.0,0.0,0.0,0.0,0.0,0.0,486,14,1
92180,Jair Ventura,6,9.1,7,5.47,287,,14,0.0,0.0,0.0,0.0,0.0,0.0,0.0,0.0,0.0,0.0,0.0,0.0,0.0,0.0,0.0,0.0,0.0,0.0,5.0,0.0,5.47,487,14,1
142004,Amuzu,5,7.61,7,4.6,284,,14,0.0,0.0,0.0,0.0,10.0,10.0,10.0,14.0,2.0,6.0,1.0,0.0,1.0,0.0,0.0,0.0,0.0,0.0,0.0,0.0,4.6,488,14,1
125467,Viery,3,5.3,7,3.29,284,,14,3.0,0.0,0.0,1.0,11.0,12.0,1.0,6.0,0.0,0.0,0.0,1.0,0.0,0.0,4.0,0.0,0.0,1.0,0.0,0.0,3.29,489,14,1
116067,Thiago Beltrame,1,2.0,1,0.0,284,,14,0.0,0.0,0.0,0.0,0.0,0.0,0.0,0.0,0.0,0.0,0.0,0.0,0.0,0.0,0.0,0.0,0.0,0.0,0.0,0.0,0.0,490,14,1
121792,André,5,3.64,1,1.73,284,,14,2.0,0.0,0.0,0.0,3.0,3.0,3.0,1.0,0.0,2.0,0.0,0.0,0.0,0.0,0.0,0.0,0.0,0.0,0.0,0.0,1.73,491,14,1
106202,Bruno Gomes,4,6.19,7,3.06,285,,14,1.0,0.0,0.0,0.0,21.0,13.0,3.0,19.0,0.0,1.0,0.0,0.0,1.0,0.0,0.0,0.0,0.0,0.0,0.0,0.0,3.06,492,14,1
107989,Carbonero,5,8.67,7,4.21,285,,14,2.0,0.0,0.0,0.0,7.0,14.0,13.0,26.0,1.0,9.0,2.0,6.0,0.0,0.0,0.0,0.0,0.0,0.0,0.0,0.0,4.21,493,14,1
72951,Mercado,3,7.21,3,5.21,285,,14,3.0,0.0,0.0,0.0,12.0,7.0,2.0,6.0,0.0,1.0,1.0,0.0,0.0,0.0,3.0,0.0,0.0,0.0,0.0,0.0,5.21,494,14,1
101960,Vitinho,5,7.83,7,4.6,285,,14,4.0,0.0,0.0,1.0,20.0,19.0,5.0,24.0,3.0,8.0,0.0,1.0,0.0,0.0,0.0,0.0,0.0,0.0,0.0,0.0,4.6,495,14,1
115479,Paulo Pezzolano,6,8.38,7,5.02,285,,14,0.0,0.0,0.0,0.0,0.0,0.0,0.0,0.0,0.0,0.0,0.0,0.0,0.0,0.0,0.0,0.0,0.0,0.0,4.0,0.0,5.02,496,14,1
89883,Dodi,4,3.04,1,0.13,284,,14,2.0,0.0,0.0,0.0,2.0,5.0,1.0,1.0,0.0,0.0,0.0,0.0,0.0,0.0,0.0,0.0,0.0,0.0,0.0,0.0,0.13,497,14,1
111466,Victor Gabriel,3,5.27,7,2.72,285,,14,5.0,0.0,0.0,0.0,15.0,18.0,2.0,8.0,0.0,0.0,0.0,0.0,0.0,0.0,3.0,0.0,0.0,0.0,0.0,0.0,2.72,498,14,1
89637,Thiago Maia,4,3.75,1,0.97,285,,14,0.0,0.0,0.0,0.0,4.0,1.0,0.0,2.0,0.0,1.0,0.0,1.0,0.0,0.0,0.0,0.0,0.0,0.0,0.0,0.0,0.97,499,14,1
111683,Anthoni,1,5.88,7,4.35,285,,14,0.0,13.0,5.0,0.0,0.0,0.0,0.0,1.0,0.0,0.0,0.0,0.0,0.0,0.0,1.0,0.0,0.0,0.0,0.0,0.0,4.35,500,14,1
110510,Aguirre,2,5.77,1,3.4,285,,14,1.0,0.0,0.0,0.0,13.0,9.0,4.0,2.0,1.0,2.0,0.0,0.0,0.0,0.0,2.0,0.0,0.0,0.0,0.0,0.0,3.4,501,14,1
86711,Richard,4,4.0,1,0.0,285,,14,0.0,0.0,0.0,0.0,0.0,0.0,0.0,0.0,0.0,0.0,0.0,0.0,0.0,0.0,0.0,0.0,0.0,0.0,0.0,0.0,0.0,502,14,1
88136,Ivan,1,4.0,1,0.0,364,,14,0.0,0.0,0.0,0.0,0.0,0.0,0.0,0.0,0.0,0.0,0.0,0.0,0.0,0.0,0.0,0.0,0.0,0.0,0.0,0.0,0.0,503,14,1
80061,Saúl,4,7.35,1,2.47,262,,14,0.0,0.0,0.0,0.0,2.0,2.0,0.0,0.0,1.0,0.0,0.0,0.0,0.0,0.0,0.0,0.0,0.0,0.0,0.0,0.0,2.47,504,14,1
93790,Marlon Freitas,4,6.78,7,3.24,275,,14,3.0,0.0,0.0,0.0,16.0,14.0,4.0,0.0,1.0,1.0,2.0,1.0,0.0,0.0,0.0,0.0,0.0,0.0,0.0,0.0,3.24,505,14,1
71684,Gustavo Gómez,3,10.52,7,5.2,275,,14,0.0,0.0,0.0,0.0,8.0,14.0,6.0,3.0,1.0,0.0,3.0,4.0,0.0,0.0,5.0,0.0,0.0,0.0,0.0,0.0,5.2,506,14,1
137618,Clayton Sampaio,3,2.63,1,-1.0,285,,14,1.0,0.0,0.0,0.0,0.0,0.0,0.0,0.0,0.0,0.0,0.0,0.0,0.0,0.0,0.0,0.0,0.0,0.0,0.0,0.0,-1.0,507,14,1
68872,Marcelo Lomba,1,4.0,1,0.0,275,,14,0.0,0.0,0.0,0.0,0.0,0.0,0.0,0.0,0.0,0.0,0.0,0.0,0.0,0.0,0.0,0.0,0.0,0.0,0.0,0.0,0.0,508,14,1
107174,Bruno Tabata,4,3.62,1,1.04,285,,14,0.0,0.0,0.0,0.0,1.0,3.0,1.0,3.0,0.0,2.0,0.0,1.0,0.0,0.0,0.0,0.0,0.0,0.0,0.0,0.0,1.04,509,14,1
123744,Alan Rodríguez,4,3.27,1,0.58,285,,14,0.0,0.0,0.0,0.0,2.0,5.0,2.0,2.0,0.0,0.0,0.0,0.0,0.0,0.0,0.0,0.0,0.0,0.0,0.0,0.0,0.58,510,14,1
71631,Weverton,1,9.13,7,5.29,284,,14,1.0,35.0,16.0,1.0,0.0,0.0,0.0,5.0,1.0,0.0,0.0,0.0,0.0,0.0,5.0,0.0,0.0,0.0,0.0,2.0,5.29,511,14,1
97653,Murilo,3,6.67,7,3.43,275,,14,0.0,0.0,0.0,0.0,10.0,16.0,1.0,1.0,1.0,1.0,1.0,0.0,0.0,0.0,3.0,0.0,0.0,1.0,0.0,0.0,3.43,512,14,1
104085,Bruno Fuchs,3,8.0,1,4.0,275,,14,0.0,0.0,0.0,0.0,4.0,5.0,0.0,1.0,0.0,0.0,0.0,0.0,0.0,0.0,3.0,0.0,0.0,0.0,0.0,0.0,4.0,513,14,1
84674,Lucas Evangelista,4,4.79,1,1.33,275,,14,0.0,0.0,0.0,0.0,4.0,2.0,2.0,8.0,1.0,0.0,0.0,0.0,0.0,0.0,0.0,0.0,0.0,0.0,0.0,0.0,1.33,514,14,1
70592,Felipe Anderson,4,5.52,1,1.58,275,,14,1.0,0.0,0.0,0.0,10.0,6.0,1.0,3.0,0.0,1.0,0.0,0.0,0.0,0.0,0.0,0.0,0.0,0.0,0.0,0.0,1.58,515,14,1
104084,Carlos Miguel,1,8.25,7,5.13,275,,14,2.0,43.0,11.0,0.0,0.0,0.0,0.0,8.0,0.0,0.0,0.0,0.0,0.0,0.0,5.0,0.0,0.0,0.0,0.0,0.0,5.13,516,14,1
143488,Raykkonen,5,2.63,1,0.5,285,,14,0.0,0.0,0.0,0.0,0.0,0.0,0.0,1.0,0.0,0.0,0.0,0.0,0.0,0.0,0.0,0.0,0.0,0.0,0.0,0.0,0.5,517,14,1
110506,Abel Ferreira,6,12.12,7,6.57,275,,14,0.0,0.0,0.0,0.0,0.0,0.0,0.0,0.0,0.0,0.0,0.0,0.0,0.0,0.0,0.0,0.0,0.0,0.0,10.0,0.0,6.57,518,14,1
105175,Khellven,2,5.48,1,2.72,275,,14,2.0,0.0,0.0,0.0,15.0,11.0,0.0,6.0,0.0,0.0,0.0,0.0,0.0,0.0,2.0,1.0,0.0,0.0,0.0,0.0,2.72,519,14,1
105647,Maurício,4,6.77,1,2.96,275,,14,1.0,0.0,0.0,0.0,7.0,12.0,9.0,10.0,1.0,4.0,1.0,2.0,0.0,0.0,0.0,0.0,0.0,0.0,0.0,0.0,2.96,520,14,1
112863,Ramón Sosa,5,5.12,7,2.03,275,,14,2.0,0.0,0.0,0.0,3.0,13.0,4.0,13.0,1.0,2.0,1.0,4.0,1.0,0.0,0.0,0.0,0.0,0.0,0.0,0.0,2.03,521,14,1
113103,Flaco López,5,14.61,7,6.65,275,,14,0.0,0.0,0.0,0.0,13.0,22.0,11.0,33.0,2.0,5.0,5.0,10.0,0.0,0.0,0.0,0.0,0.0,0.0,0.0,0.0,6.65,522,14,1
99818,Paulinho,5,13.83,1,-0.1,275,,14,0.0,0.0,0.0,0.0,0.0,0.0,0.0,0.0,0.0,0.0,0.0,1.0,0.0,0.0,0.0,0.0,0.0,0.0,0.0,0.0,-0.1,523,14,1
124526,Giay,2,8.16,7,4.93,275,,14,2.0,0.0,0.0,0.0,23.0,14.0,0.0,12.0,0.0,0.0,0.0,1.0,0.0,0.0,5.0,0.0,0.0,0.0,0.0,0.0,4.93,524,14,1
102130,Piquerez,2,11.43,1,6.43,275,,14,0.0,0.0,0.0,0.0,9.0,3.0,2.0,8.0,1.0,2.0,0.0,0.0,1.0,0.0,2.0,0.0,0.0,0.0,0.0,0.0,6.43,525,14,1
111832,Jefté,2,3.01,1,0.33,275,,14,0.0,0.0,0.0,0.0,1.0,3.0,0.0,1.0,0.0,0.0,0.0,1.0,0.0,0.0,0.0,0.0,0.0,0.0,0.0,0.0,0.33,526,14,1
133679,Benedetti,3,4.62,1,4.7,275,,14,0.0,0.0,0.0,0.0,0.0,1.0,0.0,0.0,0.0,0.0,0.0,0.0,0.0,0.0,1.0,0.0,0.0,0.0,0.0,0.0,4.7,527,14,1
92811,Bruno Rodrigues,5,3.4,1,1.79,283,,14,0.0,0.0,0.0,0.0,3.0,5.0,1.0,9.0,1.0,1.0,0.0,1.0,0.0,0.0,0.0,0.0,0.0,0.0,0.0,0.0,1.79,528,14,1
108683,Emiliano Martínez,4,4.17,1,1.54,275,,14,1.0,0.0,0.0,0.0,4.0,1.0,1.0,2.0,0.0,1.0,0.0,0.0,0.0,0.0,0.0,0.0,0.0,0.0,0.0,0.0,1.54,529,14,1
130612,Luighi,5,2.83,1,0.97,275,,14,2.0,0.0,0.0,0.0,4.0,5.0,1.0,5.0,0.0,0.0,0.0,0.0,0.0,0.0,0.0,0.0,0.0,0.0,0.0,0.0,0.97,530,14,1
82775,Lucas Ramon,2,11.12,3,6.5,276,,14,0.0,0.0,0.0,0.0,21.0,4.0,3.0,13.0,1.0,2.0,0.0,1.0,0.0,0.0,3.0,0.0,0.0,1.0,0.0,0.0,6.5,531,14,1
97321,Alesson,5,9.57,7,5.16,2305,,14,0.0,0.0,0.0,0.0,17.0,8.0,4.0,17.0,3.0,8.0,0.0,5.0,1.0,0.0,0.0,0.0,0.0,0.0,0.0,0.0,5.16,532,14,1
87742,Neto Moura,4,4.09,5,1.75,2305,,14,3.0,0.0,0.0,0.0,9.0,9.0,6.0,5.0,0.0,2.0,0.0,0.0,0.0,0.0,0.0,0.0,0.0,0.0,0.0,0.0,1.75,533,14,1
97460,João Victor,3,4.78,7,2.16,2305,,14,1.0,0.0,0.0,0.0,13.0,6.0,1.0,2.0,1.0,2.0,0.0,0.0,0.0,0.0,0.0,0.0,0.0,0.0,0.0,0.0,2.16,534,14,1
100969,Ronald Lopes,4,2.22,1,-0.15,287,,14,1.0,0.0,0.0,0.0,0.0,5.0,2.0,0.0,0.0,0.0,0.0,0.0,0.0,0.0,0.0,0.0,0.0,0.0,0.0,0.0,-0.15,535,14,1
72279,Thomazella,1,2.0,1,0.0,2305,,14,0.0,0.0,0.0,0.0,0.0,0.0,0.0,0.0,0.0,0.0,0.0,0.0,0.0,0.0,0.0,0.0,0.0,0.0,0.0,0.0,0.0,536,14,1
79066,Alex Muralha,1,2.64,1,-1.0,2305,,14,1.0,0.0,0.0,0.0,0.0,0.0,0.0,0.0,0.0,0.0,0.0,0.0,0.0,0.0,0.0,0.0,0.0,0.0,0.0,0.0,-1.0,537,14,1
136156,Larson,4,2.44,1,0.47,275,,14,0.0,0.0,0.0,0.0,0.0,2.0,1.0,0.0,0.0,1.0,0.0,0.0,0.0,0.0,0.0,0.0,0.0,0.0,0.0,0.0,0.47,538,14,1
101708,Felipe Jonatan,2,4.93,1,2.46,294,,14,0.0,0.0,0.0,0.0,6.0,2.0,2.0,2.0,0.0,1.0,0.0,1.0,0.0,0.0,2.0,0.0,0.0,0.0,0.0,0.0,2.46,539,14,1
104027,Rafael Guanaes,6,7.32,7,3.96,2305,,14,0.0,0.0,0.0,0.0,0.0,0.0,0.0,0.0,0.0,0.0,0.0,0.0,0.0,0.0,0.0,0.0,0.0,0.0,3.0,0.0,3.96,540,14,1
83263,Yuri Lara,4,4.29,7,1.58,2305,,14,0.0,0.0,0.0,0.0,7.0,4.0,0.0,4.0,0.0,1.0,0.0,0.0,0.0,0.0,0.0,0.0,0.0,1.0,0.0,0.0,1.58,541,14,1
97520,Shaylon,4,4.36,7,2.13,2305,,14,0.0,0.0,0.0,0.0,8.0,7.0,0.0,0.0,0.0,1.0,1.0,0.0,0.0,0.0,0.0,0.0,0.0,0.0,0.0,0.0,2.13,542,14,1
73318,Daniel Borges,2,4.18,1,1.3,2305,,14,0.0,0.0,0.0,0.0,0.0,0.0,1.0,1.0,0.0,0.0,0.0,0.0,0.0,0.0,0.0,0.0,0.0,0.0,0.0,0.0,1.3,543,14,1
81005,André Luis,5,3.42,7,1.29,2305,,14,2.0,0.0,0.0,0.0,0.0,6.0,2.0,9.0,0.0,0.0,1.0,0.0,0.0,0.0,0.0,0.0,0.0,0.0,0.0,0.0,1.29,544,14,1
90917,Carlos Eduardo,5,6.97,1,3.82,2305,,14,1.0,0.0,0.0,0.0,4.0,7.0,3.0,8.0,1.0,0.0,1.0,4.0,0.0,1.0,0.0,0.0,0.0,0.0,0.0,0.0,3.82,545,14,1
98384,Negueba,5,8.57,3,5.23,2305,,14,4.0,0.0,0.0,0.0,15.0,5.0,6.0,17.0,0.0,3.0,1.0,0.0,0.0,0.0,0.0,0.0,0.0,0.0,0.0,0.0,5.23,546,14,1
102667,Nathan Fogaça,5,5.27,1,3.51,2305,,14,2.0,0.0,0.0,0.0,0.0,11.0,5.0,2.0,0.0,5.0,2.0,2.0,1.0,0.0,0.0,0.0,0.0,0.0,0.0,0.0,3.51,547,14,1
83257,Gabriel,5,8.6,7,4.7,277,,14,2.0,0.0,0.0,0.0,2.0,3.0,7.0,4.0,2.0,0.0,2.0,8.0,0.0,0.0,0.0,0.0,0.0,0.0,0.0,0.0,4.7,548,14,1
104204,Edson Carioca,5,5.3,5,2.14,2305,,14,3.0,0.0,0.0,0.0,3.0,7.0,7.0,4.0,0.0,0.0,1.0,0.0,0.0,0.0,0.0,0.0,0.0,0.0,0.0,0.0,2.14,549,14,1
95466,Igor Vinícius,2,11.73,7,7.49,277,,14,3.0,0.0,0.0,0.0,30.0,10.0,0.0,12.0,1.0,2.0,0.0,0.0,0.0,0.0,3.0,0.0,0.0,0.0,0.0,0.0,7.49,550,14,1
81150,Mayke,2,5.53,1,2.65,277,,14,1.0,0.0,0.0,0.0,3.0,3.0,0.0,3.0,0.0,1.0,0.0,0.0,0.0,0.0,0.0,0.0,0.0,0.0,0.0,0.0,2.65,551,14,1
117403,Renato Marques,5,2.92,1,0.23,294,,14,0.0,0.0,0.0,0.0,0.0,3.0,2.0,4.0,0.0,1.0,0.0,0.0,0.0,0.0,0.0,0.0,0.0,1.0,0.0,0.0,0.23,552,14,1
84847,Luan Peres,3,4.75,6,2.35,277,,14,2.0,0.0,0.0,0.0,10.0,12.0,1.0,12.0,0.0,0.0,0.0,0.0,0.0,0.0,3.0,0.0,0.0,1.0,0.0,0.0,2.35,553,14,1
82455,Zé Rafael,4,8.07,1,4.28,277,,14,1.0,0.0,0.0,0.0,4.0,5.0,3.0,5.0,1.0,0.0,1.0,0.0,0.0,0.0,0.0,0.0,0.0,0.0,0.0,0.0,4.28,554,14,1
77777,João Schmidt,4,4.43,7,1.31,277,,14,1.0,0.0,0.0,0.0,8.0,12.0,2.0,3.0,0.0,0.0,0.0,0.0,0.0,0.0,0.0,0.0,0.0,0.0,0.0,0.0,1.31,555,14,1
78478,Willian Arão,4,5.16,1,2.35,277,,14,0.0,0.0,0.0,0.0,12.0,4.0,0.0,4.0,0.0,0.0,0.0,0.0,0.0,0.0,0.0,0.0,0.0,0.0,0.0,0.0,2.35,556,14,1
105903,Aldo Filho,4,4.37,7,2.15,2305,,14,6.0,0.0,0.0,0.0,13.0,14.0,3.0,5.0,1.0,2.0,0.0,1.0,0.0,0.0,0.0,0.0,0.0,0.0,0.0,0.0,2.15,557,14,1
113690,Diógenes,1,2.19,7,0.9,277,,14,1.0,3.0,2.0,0.0,0.0,0.0,0.0,0.0,0.0,0.0,0.0,0.0,0.0,0.0,0.0,0.0,0.0,0.0,0.0,0.0,0.9,558,14,1
91866,Zé Ivaldo,3,5.75,1,1.9,277,,14,1.0,0.0,0.0,1.0,6.0,1.0,0.0,3.0,0.0,2.0,0.0,0.0,0.0,0.0,0.0,1.0,0.0,0.0,0.0,0.0,1.9,559,14,1
84042,Tiquinho Soares,5,5.32,1,1.83,2305,,14,1.0,0.0,0.0,0.0,3.0,6.0,5.0,6.0,0.0,2.0,0.0,1.0,0.0,0.0,0.0,0.0,0.0,0.0,0.0,0.0,1.83,560,14,1
141754,Gabriel Bontempo,4,4.18,7,2.57,277,,14,2.0,0.0,0.0,0.0,15.0,6.0,3.0,10.0,0.0,1.0,0.0,0.0,0.0,1.0,0.0,0.0,0.0,0.0,0.0,0.0,2.57,561,14,1
102975,Escobar,2,10.21,7,7.0,277,,14,4.0,0.0,0.0,0.0,24.0,7.0,4.0,6.0,1.0,0.0,0.0,1.0,0.0,0.0,3.0,0.0,0.0,0.0,0.0,0.0,7.0,562,14,1
74187,Rincón,4,2.81,1,-0.7,277,,14,1.0,0.0,0.0,0.0,0.0,3.0,0.0,1.0,0.0,0.0,0.0,0.0,0.0,0.0,0.0,0.0,0.0,0.0,0.0,0.0,-0.7,563,14,1
102256,Rollheiser,4,6.93,7,2.82,277,,14,1.0,0.0,0.0,0.0,0.0,3.0,1.0,1.0,0.0,4.0,3.0,0.0,0.0,0.0,0.0,0.0,0.0,0.0,0.0,0.0,2.82,564,14,1
63008,Rafael Tolói,3,8.24,6,4.82,276,,14,3.0,0.0,0.0,0.0,11.0,8.0,1.0,2.0,0.0,1.0,0.0,0.0,0.0,0.0,2.0,0.0,0.0,0.0,0.0,0.0,4.82,565,14,1
118775,Lautaro Díaz,5,5.61,1,2.61,277,,14,0.0,0.0,0.0,0.0,2.0,2.0,4.0,1.0,0.0,1.0,1.0,0.0,1.0,0.0,0.0,0.0,0.0,0.0,0.0,0.0,2.61,566,14,1
130811,Souza,2,8.0,1,0.0,277,,14,0.0,0.0,0.0,0.0,0.0,0.0,0.0,0.0,0.0,0.0,0.0,0.0,0.0,0.0,0.0,0.0,0.0,0.0,0.0,0.0,0.0,567,14,1
80570,Wendell,2,9.81,7,5.31,276,,14,2.0,0.0,0.0,0.0,14.0,20.0,2.0,4.0,3.0,1.0,0.0,0.0,0.0,0.0,3.0,0.0,0.0,0.0,0.0,0.0,5.31,568,14,1
87470,Thaciano,4,6.63,1,2.95,277,,14,1.0,0.0,0.0,0.0,5.0,2.0,4.0,7.0,0.0,1.0,2.0,3.0,0.0,0.0,0.0,0.0,0.0,0.0,0.0,0.0,2.95,569,14,1
99889,Alan Franco,3,5.68,3,2.28,276,,14,3.0,0.0,0.0,0.0,10.0,10.0,1.0,1.0,0.0,0.0,0.0,2.0,0.0,0.0,3.0,0.0,0.0,0.0,0.0,0.0,2.28,570,14,1
77656,Cédric Soares,2,4.16,7,1.05,276,,14,1.0,0.0,0.0,0.0,4.0,1.0,2.0,0.0,0.0,0.0,0.0,0.0,0.0,0.0,0.0,0.0,0.0,0.0,0.0,0.0,1.05,571,14,1
108469,Adonis Frías,3,4.69,1,1.53,277,,14,1.0,0.0,0.0,0.0,4.0,2.0,0.0,1.0,0.0,1.0,0.0,0.0,0.0,0.0,0.0,0.0,0.0,0.0,0.0,0.0,1.53,572,14,1
89840,Calleri,5,13.15,7,6.9,276,,14,2.0,0.0,0.0,1.0,10.0,19.0,11.0,30.0,1.0,6.0,6.0,5.0,0.0,0.0,0.0,0.0,0.0,0.0,0.0,0.0,6.9,573,14,1
85403,Danielzinho,4,6.86,7,2.95,276,,14,1.0,0.0,0.0,0.0,7.0,11.0,4.0,24.0,1.0,0.0,1.0,0.0,0.0,1.0,0.0,0.0,0.0,0.0,0.0,0.0,2.95,574,14,1
104075,Sabino,3,7.1,7,4.3,276,,14,0.0,0.0,0.0,0.0,18.0,19.0,2.0,9.0,0.0,1.0,1.0,0.0,0.0,0.0,3.0,0.0,0.0,0.0,0.0,0.0,4.3,575,14,1
142867,Robinho Jr.,5,3.06,1,0.0,277,,14,0.0,0.0,0.0,0.0,0.0,0.0,0.0,0.0,0.0,0.0,0.0,0.0,0.0,0.0,0.0,0.0,0.0,0.0,0.0,0.0,0.0,576,14,1
81845,Alisson,4,3.91,1,1.25,266,,14,2.0,0.0,0.0,0.0,3.0,4.0,0.0,5.0,1.0,0.0,0.0,0.0,0.0,0.0,0.0,0.0,0.0,0.0,0.0,0.0,1.25,577,14,1
141868,Vinicius Lira,2,3.79,3,2.42,277,,14,1.0,0.0,0.0,0.0,7.0,6.0,1.0,0.0,0.0,1.0,0.0,0.0,0.0,0.0,0.0,0.0,0.0,0.0,0.0,0.0,2.42,578,14,1
70164,Lucas Moura,4,7.5,3,2.32,276,,14,0.0,0.0,0.0,0.0,0.0,5.0,2.0,6.0,1.0,2.0,1.0,0.0,0.0,0.0,0.0,0.0,0.0,0.0,0.0,0.0,2.32,579,14,1
107873,Bobadilla,4,8.37,7,3.63,276,,14,2.0,0.0,0.0,0.0,22.0,15.0,3.0,4.0,1.0,4.0,0.0,1.0,1.0,0.0,0.0,0.0,0.0,0.0,0.0,0.0,3.63,580,14,1
105300,Ferraresi,3,7.66,7,3.08,263,,14,1.0,0.0,0.0,0.0,12.0,7.0,2.0,3.0,0.0,0.0,1.0,1.0,0.0,0.0,1.0,0.0,0.0,0.0,0.0,0.0,3.08,581,14,1
101290,Ferreira,5,8.15,1,4.7,276,,14,2.0,0.0,0.0,0.0,2.0,1.0,4.0,8.0,0.0,2.0,4.0,0.0,0.0,0.0,0.0,0.0,0.0,0.0,0.0,0.0,4.7,582,14,1
106028,Coronel,1,5.0,1,0.0,276,,14,0.0,0.0,0.0,0.0,0.0,0.0,0.0,0.0,0.0,0.0,0.0,0.0,0.0,0.0,0.0,0.0,0.0,0.0,0.0,0.0,0.0,583,14,1
113359,Pablo Maia,4,4.28,3,1.36,276,,14,1.0,0.0,0.0,0.0,7.0,10.0,3.0,4.0,0.0,0.0,0.0,0.0,0.0,0.0,0.0,0.0,0.0,0.0,0.0,0.0,1.36,584,14,1
131617,André Silva,5,4.29,1,0.19,276,,14,2.0,0.0,0.0,0.0,0.0,7.0,0.0,6.0,0.0,2.0,0.0,0.0,0.0,0.0,0.0,0.0,0.0,0.0,0.0,0.0,0.19,585,14,1
91573,Arboleda,3,8.95,1,3.98,276,,14,0.0,0.0,0.0,0.0,10.0,5.0,0.0,1.0,0.0,0.0,0.0,1.0,0.0,0.0,2.0,0.0,0.0,0.0,0.0,0.0,3.98,586,14,1
71123,Thiago Mendes,4,7.48,7,4.02,267,,14,5.0,0.0,0.0,0.0,9.0,12.0,4.0,28.0,1.0,1.0,3.0,1.0,0.0,0.0,0.0,0.0,0.0,0.0,0.0,0.0,4.02,587,14,1
106294,Marcos Antônio,4,6.64,3,2.84,276,,14,1.0,0.0,0.0,0.0,11.0,11.0,2.0,10.0,2.0,2.0,0.0,1.0,0.0,0.0,0.0,0.0,0.0,0.0,0.0,0.0,2.84,588,14,1
140542,Ryan Francisco,5,5.0,1,0.0,276,,14,0.0,0.0,0.0,0.0,0.0,0.0,0.0,0.0,0.0,0.0,0.0,0.0,0.0,0.0,0.0,0.0,0.0,0.0,0.0,0.0,0.0,589,14,1
72391,Fernando Diniz,6,8.34,7,4.67,264,,14,0.0,0.0,0.0,0.0,0.0,0.0,0.0,0.0,0.0,0.0,0.0,0.0,0.0,0.0,0.0,0.0,0.0,0.0,1.0,0.0,4.67,590,14,1
108588,Tapia,5,4.57,1,1.87,276,,14,0.0,0.0,0.0,0.0,4.0,6.0,4.0,5.0,0.0,1.0,0.0,1.0,1.0,1.0,0.0,0.0,0.0,0.0,0.0,0.0,1.87,591,14,1
141611,Maik,2,5.52,1,3.48,276,,14,0.0,0.0,0.0,0.0,8.0,3.0,1.0,1.0,0.0,0.0,0.0,0.0,0.0,0.0,1.0,0.0,0.0,0.0,0.0,0.0,3.48,592,14,1
118563,Rodriguinho,4,5.47,1,2.85,280,,14,2.0,0.0,0.0,0.0,7.0,7.0,1.0,4.0,0.0,0.0,1.0,1.0,0.0,0.0,0.0,0.0,0.0,0.0,0.0,0.0,2.85,593,14,1
101752,Claudinho,2,4.0,1,0.0,287,,14,0.0,0.0,0.0,0.0,0.0,0.0,0.0,0.0,0.0,0.0,0.0,0.0,0.0,0.0,0.0,0.0,0.0,0.0,0.0,0.0,0.0,594,14,1
99213,Puma Rodríguez,2,7.7,7,5.09,267,,14,3.0,0.0,0.0,0.0,5.0,3.0,6.0,1.0,3.0,5.0,2.0,1.0,0.0,0.0,0.0,0.0,0.0,0.0,0.0,0.0,5.09,595,14,1
117818,Young,1,3.0,1,0.0,276,,14,0.0,0.0,0.0,0.0,0.0,0.0,0.0,0.0,0.0,0.0,0.0,0.0,0.0,0.0,0.0,0.0,0.0,0.0,0.0,0.0,0.0,596,14,1
81091,Jair,4,6.0,1,0.0,267,,14,0.0,0.0,0.0,0.0,0.0,0.0,0.0,0.0,0.0,0.0,0.0,0.0,0.0,0.0,0.0,0.0,0.0,0.0,0.0,0.0,0.0,597,14,1
97095,Carlos Cuesta,3,6.02,7,1.54,267,,14,1.0,0.0,0.0,0.0,4.0,8.0,2.0,3.0,1.0,0.0,0.0,0.0,0.0,0.0,0.0,1.0,0.0,0.0,0.0,0.0,1.54,598,14,1
116706,Andrés Gómez,5,11.96,7,7.66,267,,14,3.0,0.0,0.0,0.0,24.0,19.0,16.0,21.0,2.0,12.0,2.0,4.0,3.0,0.0,0.0,0.0,0.0,0.0,0.0,0.0,7.66,599,14,1
86410,Victor Luis,2,2.65,1,0.57,2305,,14,2.0,0.0,0.0,1.0,4.0,7.0,2.0,2.0,0.0,0.0,0.0,1.0,0.0,0.0,0.0,0.0,0.0,0.0,0.0,0.0,0.57,600,14,1
93716,Paulo Henrique,2,7.43,5,3.21,267,,14,3.0,0.0,0.0,1.0,14.0,10.0,2.0,17.0,2.0,1.0,0.0,0.0,0.0,0.0,0.0,0.0,0.0,0.0,0.0,0.0,3.21,601,14,1
90309,David,5,5.12,7,2.86,267,,14,0.0,0.0,0.0,0.0,3.0,6.0,5.0,5.0,1.0,4.0,2.0,7.0,0.0,0.0,0.0,0.0,0.0,0.0,0.0,0.0,2.86,602,14,1
86686,Tchê Tchê,4,4.37,7,1.91,267,,14,2.0,0.0,0.0,0.0,6.0,8.0,3.0,6.0,0.0,1.0,1.0,1.0,0.0,0.0,0.0,0.0,0.0,0.0,0.0,0.0,1.91,603,14,1
105584,Lucas Piton,2,4.66,7,1.03,267,,14,0.0,0.0,0.0,0.0,5.0,8.0,3.0,1.0,0.0,2.0,0.0,1.0,0.0,0.0,0.0,0.0,0.0,0.0,0.0,0.0,1.03,604,14,1
111682,Adson,4,5.33,1,2.14,267,,14,0.0,0.0,0.0,0.0,4.0,1.0,5.0,2.0,0.0,0.0,0.0,0.0,0.0,0.0,0.0,0.0,0.0,0.0,0.0,0.0,2.14,605,14,1
90588,Caíque,4,4.92,7,2.38,287,,14,1.0,0.0,0.0,0.0,14.0,14.0,1.0,12.0,0.0,1.0,0.0,0.0,0.0,0.0,0.0,0.0,0.0,0.0,0.0,0.0,2.38,606,14,1
95936,Daniel Fuzato,1,2.0,1,0.0,267,,14,0.0,0.0,0.0,0.0,0.0,0.0,0.0,0.0,0.0,0.0,0.0,0.0,0.0,0.0,0.0,0.0,0.0,0.0,0.0,0.0,0.0,607,14,1
115141,Lucas Freitas,3,3.61,1,0.0,267,,14,0.0,0.0,0.0,0.0,0.0,0.0,0.0,0.0,0.0,0.0,0.0,0.0,0.0,0.0,0.0,0.0,0.0,0.0,0.0,0.0,0.0,608,14,1
142279,Nuno Moreira,4,6.03,1,2.6,267,,14,1.0,0.0,0.0,0.0,8.0,7.0,5.0,6.0,1.0,2.0,1.0,1.0,0.0,0.0,0.0,0.0,0.0,0.0,0.0,0.0,2.6,609,14,1
117330,Robert Renan,3,6.29,7,2.14,267,,14,0.0,0.0,0.0,0.0,14.0,13.0,2.0,4.0,0.0,1.0,1.0,0.0,0.0,0.0,0.0,0.0,0.0,0.0,0.0,0.0,2.14,610,14,1
80287,Luciano,5,13.44,7,5.0,276,,14,2.0,0.0,0.0,0.0,7.0,16.0,9.0,19.0,1.0,5.0,4.0,4.0,0.0,1.0,0.0,0.0,1.0,0.0,0.0,0.0,5.0,611,14,1
90703,Matheuzinho,4,5.6,5,3.21,287,,14,2.0,0.0,0.0,0.0,5.0,5.0,4.0,18.0,1.0,7.0,1.0,0.0,0.0,1.0,0.0,0.0,0.0,0.0,0.0,0.0,3.21,612,14,1
122485,Barros,4,9.43,5,5.5,267,,14,3.0,0.0,0.0,0.0,21.0,20.0,5.0,37.0,0.0,0.0,3.0,0.0,0.0,0.0,0.0,0.0,0.0,1.0,0.0,0.0,5.5,613,14,1
118752,Mateus Carvalho,4,4.0,3,0.0,267,,14,0.0,0.0,0.0,0.0,0.0,0.0,0.0,0.0,0.0,0.0,0.0,0.0,0.0,0.0,0.0,0.0,0.0,0.0,0.0,0.0,0.0,614,14,1
101594,Hugo Moura,4,4.52,1,1.97,267,,14,0.0,0.0,0.0,0.0,5.0,5.0,1.0,2.0,0.0,0.0,1.0,0.0,0.0,0.0,0.0,0.0,0.0,0.0,0.0,0.0,1.97,615,14,1
101597,Ramon,2,8.39,7,5.49,287,,14,1.0,0.0,0.0,0.0,15.0,20.0,3.0,9.0,0.0,2.0,2.0,0.0,0.0,0.0,5.0,0.0,0.0,0.0,0.0,0.0,5.49,616,14,1
141451,Allan,4,12.93,7,5.87,275,,14,2.0,0.0,0.0,0.0,26.0,15.0,4.0,31.0,0.0,6.0,3.0,1.0,0.0,0.0,0.0,0.0,0.0,0.0,0.0,0.0,5.87,617,14,1
104118,Lucas Arcanjo,1,8.89,7,6.08,287,,14,1.0,36.0,11.0,1.0,0.0,0.0,0.0,0.0,0.0,0.0,0.0,0.0,0.0,0.0,4.0,0.0,0.0,0.0,0.0,1.0,6.08,618,14,1
92696,Renato Kayzer,5,6.59,1,3.08,287,,14,1.0,0.0,0.0,0.0,3.0,9.0,3.0,8.0,0.0,2.0,2.0,9.0,0.0,0.0,0.0,0.0,0.0,0.0,0.0,0.0,3.08,619,14,1
83786,Neris,3,2.77,1,0.6,287,,14,0.0,0.0,0.0,0.0,1.0,1.0,0.0,0.0,0.0,0.0,0.0,0.0,0.0,0.0,0.0,0.0,0.0,0.0,0.0,0.0,0.6,620,14,1
115100,Matheus França,4,3.12,1,0.57,267,,14,0.0,0.0,0.0,0.0,1.0,2.0,1.0,0.0,0.0,0.0,0.0,0.0,0.0,0.0,0.0,0.0,0.0,0.0,0.0,0.0,0.57,621,14,1
42222,Osvaldo,5,4.37,1,0.8,287,,14,0.0,0.0,0.0,0.0,0.0,0.0,1.0,0.0,0.0,0.0,0.0,0.0,0.0,0.0,0.0,0.0,0.0,0.0,0.0,0.0,0.8,622,14,1
96793,Camutanga,3,6.71,3,3.95,287,,14,0.0,0.0,0.0,0.0,8.0,2.0,2.0,3.0,0.0,1.0,0.0,0.0,0.0,0.0,3.0,1.0,0.0,0.0,0.0,0.0,3.95,623,14,1
99440,Baralhas,4,9.64,1,6.23,287,,14,4.0,0.0,0.0,0.0,19.0,19.0,6.0,13.0,2.0,0.0,2.0,0.0,0.0,0.0,0.0,0.0,0.0,0.0,0.0,0.0,6.23,624,14,1
93411,Cantalapiedra,4,4.26,1,1.09,287,,14,1.0,0.0,0.0,0.0,3.0,4.0,1.0,7.0,0.0,1.0,0.0,2.0,0.0,0.0,0.0,0.0,0.0,0.0,0.0,0.0,1.09,625,14,1
97645,Thiago Couto,1,3.0,1,0.0,287,,14,0.0,0.0,0.0,0.0,0.0,0.0,0.0,0.0,0.0,0.0,0.0,0.0,0.0,0.0,0.0,0.0,0.0,0.0,0.0,0.0,0.0,626,14,1
141609,Lucca,5,2.34,1,0.3,276,,14,0.0,0.0,0.0,0.0,1.0,2.0,0.0,0.0,0.0,0.0,0.0,0.0,0.0,0.0,0.0,0.0,0.0,0.0,0.0,0.0,0.3,627,14,1
104330,Dudu,4,5.01,3,3.95,287,,14,0.0,0.0,0.0,0.0,0.0,2.0,0.0,1.0,0.0,0.0,1.0,0.0,0.0,0.0,0.0,0.0,0.0,0.0,0.0,0.0,3.95,628,14,1
111951,Renzo López,5,2.09,6,0.4,287,,14,0.0,0.0,0.0,0.0,1.0,9.0,1.0,4.0,0.0,0.0,0.0,0.0,0.0,0.0,0.0,0.0,0.0,0.0,0.0,0.0,0.4,629,14,1
92273,Odair Hellmann,6,8.62,7,5.25,293,,14,0.0,0.0,0.0,0.0,0.0,0.0,0.0,0.0,0.0,0.0,0.0,0.0,0.0,0.0,0.0,0.0,0.0,0.0,6.0,0.0,5.25,630,14,1
90031,Mendoza,5,8.12,7,4.75,293,,14,0.0,0.0,0.0,0.0,8.0,8.0,6.0,8.0,0.0,3.0,4.0,0.0,1.0,0.0,0.0,0.0,0.0,0.0,0.0,0.0,4.75,631,14,1
107985,Terán,3,7.25,7,3.75,293,,14,0.0,0.0,0.0,0.0,10.0,9.0,2.0,5.0,0.0,3.0,0.0,0.0,0.0,0.0,2.0,0.0,0.0,0.0,0.0,0.0,3.75,632,14,1
145387,Rúben Ismael,4,4.0,3,0.0,287,,14,0.0,0.0,0.0,0.0,0.0,0.0,0.0,0.0,0.0,0.0,0.0,0.0,0.0,0.0,0.0,0.0,0.0,0.0,0.0,0.0,0.0,633,14,1
116461,Jamerson,2,6.19,1,4.1,287,,14,0.0,0.0,0.0,0.0,1.0,0.0,1.0,0.0,0.0,0.0,0.0,0.0,0.0,0.0,2.0,0.0,0.0,0.0,0.0,0.0,4.1,634,14,1
109138,Kike Saverio,5,5.0,1,0.0,287,,14,0.0,0.0,0.0,0.0,0.0,0.0,0.0,0.0,0.0,0.0,0.0,0.0,0.0,0.0,0.0,0.0,0.0,0.0,0.0,0.0,0.0,635,14,1
111879,Mateus Silva,2,4.95,3,4.85,287,,14,0.0,0.0,0.0,0.0,2.0,2.0,1.0,3.0,0.0,0.0,0.0,0.0,0.0,0.0,1.0,0.0,0.0,0.0,0.0,0.0,4.85,636,14,1
110668,Esquivel,2,7.25,5,4.98,293,,14,1.0,0.0,0.0,0.0,16.0,22.0,6.0,11.0,2.0,1.0,0.0,0.0,0.0,0.0,3.0,0.0,0.0,1.0,0.0,0.0,4.98,637,14,1
130620,Edenílson,4,3.82,1,2.0,287,,14,1.0,0.0,0.0,0.0,10.0,5.0,0.0,1.0,0.0,0.0,0.0,0.0,0.0,0.0,0.0,0.0,0.0,1.0,0.0,0.0,2.0,638,14,1
110698,Mycael,1,4.6,1,-1.0,293,,14,1.0,0.0,0.0,0.0,0.0,0.0,0.0,0.0,0.0,0.0,0.0,0.0,0.0,0.0,0.0,0.0,0.0,0.0,0.0,0.0,-1.0,639,14,1
85626,Léo,3,6.77,1,4.9,293,,14,0.0,0.0,0.0,0.0,4.0,4.0,0.0,0.0,0.0,0.0,0.0,0.0,0.0,0.0,1.0,0.0,0.0,0.0,0.0,0.0,4.9,640,14,1
105518,Renan Peixoto,5,3.79,7,1.5,293,,14,0.0,0.0,0.0,0.0,1.0,1.0,1.0,2.0,0.0,0.0,0.0,0.0,1.0,0.0,0.0,0.0,0.0,0.0,0.0,0.0,1.5,641,14,1
123869,Aguirre,3,4.96,1,2.67,293,,14,1.0,0.0,0.0,0.0,3.0,12.0,0.0,5.0,0.0,3.0,0.0,0.0,1.0,0.0,3.0,0.0,0.0,0.0,0.0,0.0,2.67,642,14,1
102796,Julimar,5,6.71,1,4.62,293,,14,2.0,0.0,0.0,0.0,7.0,10.0,5.0,4.0,1.0,1.0,3.0,1.0,0.0,0.0,0.0,0.0,0.0,0.0,0.0,0.0,4.62,643,14,1
80129,Jadson,4,3.79,1,1.26,293,,14,3.0,0.0,0.0,0.0,8.0,8.0,0.0,7.0,0.0,0.0,0.0,0.0,0.0,0.0,0.0,0.0,0.0,0.0,0.0,0.0,1.26,644,14,1
113113,Benavídez,2,7.08,5,4.39,293,,14,3.0,0.0,0.0,0.0,9.0,10.0,1.0,9.0,3.0,1.0,0.0,1.0,0.0,0.0,3.0,0.0,0.0,0.0,0.0,0.0,4.39,645,14,1
112017,Felipinho,4,5.79,1,3.57,293,,14,0.0,0.0,0.0,0.0,7.0,2.0,1.0,0.0,0.0,0.0,0.0,0.0,0.0,0.0,0.0,0.0,0.0,0.0,0.0,0.0,3.57,646,14,1
127970,Felipe Chiqueti,4,2.19,1,1.37,293,,14,1.0,0.0,0.0,0.0,3.0,7.0,2.0,8.0,0.0,1.0,0.0,0.0,0.0,0.0,0.0,0.0,0.0,0.0,0.0,0.0,1.37,647,14,1
128431,João Cruz,4,4.81,7,2.62,293,,14,1.0,0.0,0.0,0.0,5.0,7.0,4.0,2.0,2.0,2.0,0.0,1.0,0.0,0.0,0.0,0.0,0.0,0.0,0.0,0.0,2.62,648,14,1
131832,Portilla,4,3.29,7,1.43,293,,14,2.0,0.0,0.0,0.0,11.0,18.0,3.0,9.0,0.0,1.0,0.0,0.0,0.0,0.0,0.0,0.0,0.0,0.0,0.0,0.0,1.43,649,14,1
122439,Isaac,5,2.0,1,0.0,293,,14,0.0,0.0,0.0,0.0,0.0,0.0,0.0,0.0,0.0,0.0,0.0,0.0,0.0,0.0,0.0,0.0,0.0,0.0,0.0,0.0,0.0,650,14,1
120433,Léo Derik,2,5.34,7,3.4,293,,14,0.0,0.0,0.0,0.0,6.0,1.0,0.0,1.0,0.0,1.0,0.0,0.0,0.0,0.0,2.0,0.0,0.0,0.0,0.0,0.0,3.4,651,14,1
122316,Batata,2,1.0,1,0.0,293,,14,0.0,0.0,0.0,0.0,0.0,0.0,0.0,0.0,0.0,0.0,0.0,0.0,0.0,0.0,0.0,0.0,0.0,0.0,0.0,0.0,0.0,652,14,1
125746,Dudu,4,2.12,1,1.84,293,,14,0.0,0.0,0.0,0.0,6.0,7.0,2.0,5.0,0.0,1.0,1.0,0.0,0.0,0.0,0.0,0.0,0.0,0.0,0.0,0.0,1.84,653,14,1
115266,Renan Viana,5,2.0,1,0.0,293,,14,0.0,0.0,0.0,0.0,0.0,0.0,0.0,0.0,0.0,0.0,0.0,0.0,0.0,0.0,0.0,0.0,0.0,0.0,0.0,0.0,0.0,654,14,1
143193,Viveros,5,11.38,5,7.39,293,,14,2.0,0.0,0.0,0.0,2.0,24.0,7.0,42.0,1.0,11.0,6.0,9.0,0.0,3.0,0.0,0.0,0.0,0.0,0.0,0.0,7.39,655,14,1
123101,Leozinho,5,2.25,1,0.17,293,,14,0.0,0.0,0.0,0.0,0.0,1.0,1.0,0.0,0.0,0.0,0.0,0.0,0.0,0.0,0.0,0.0,0.0,0.0,0.0,0.0,0.17,656,14,1
125926,Zapelli,4,4.63,1,1.8,293,,14,3.0,0.0,0.0,0.0,8.0,6.0,5.0,6.0,1.0,0.0,0.0,0.0,0.0,0.0,0.0,0.0,0.0,1.0,0.0,0.0,1.8,657,14,1
128429,Marcão,3,3.0,1,0.0,293,,14,0.0,0.0,0.0,0.0,0.0,0.0,0.0,0.0,0.0,0.0,0.0,0.0,0.0,0.0,0.0,0.0,0.0,0.0,0.0,0.0,0.0,658,14,1
82628,Tinga,2,6.19,7,3.39,294,,14,0.0,0.0,0.0,0.0,13.0,2.0,1.0,6.0,1.0,1.0,0.0,0.0,0.0,0.0,1.0,0.0,0.0,0.0,0.0,0.0,3.39,659,14,1
71227,Maicon,3,4.14,7,2.08,294,,14,0.0,0.0,0.0,1.0,7.0,5.0,0.0,4.0,0.0,0.0,0.0,0.0,0.0,0.0,4.0,0.0,0.0,1.0,0.0,0.0,2.08,660,14,1
130842,Matheus Soares,1,1.0,1,0.0,293,,14,0.0,0.0,0.0,0.0,0.0,0.0,0.0,0.0,0.0,0.0,0.0,0.0,0.0,0.0,0.0,0.0,0.0,0.0,0.0,0.0,0.0,661,14,1
90302,Pedro Rocha,5,8.02,7,4.22,294,,14,1.0,0.0,0.0,0.0,4.0,16.0,14.0,21.0,0.0,5.0,4.0,7.0,0.0,0.0,0.0,0.0,0.0,0.0,0.0,0.0,4.22,662,14,1
143532,Carlos Eduardo,1,1.0,1,0.0,293,,14,0.0,0.0,0.0,0.0,0.0,0.0,0.0,0.0,0.0,0.0,0.0,0.0,0.0,0.0,0.0,0.0,0.0,0.0,0.0,0.0,0.0,663,14,1
81952,Willian Oliveira,4,4.76,1,2.05,294,,14,0.0,0.0,0.0,0.0,11.0,9.0,2.0,2.0,0.0,0.0,0.0,0.0,0.0,0.0,0.0,0.0,0.0,0.0,0.0,0.0,2.05,664,14,1
84626,Josué,4,4.87,7,2.63,294,,14,1.0,0.0,0.0,0.0,5.0,11.0,5.0,15.0,4.0,2.0,0.0,0.0,0.0,0.0,0.0,0.0,0.0,1.0,0.0,0.0,2.63,665,14,1
104811,Sebastián Gómez,4,3.96,7,2.17,294,,14,3.0,0.0,0.0,0.0,14.0,16.0,2.0,11.0,0.0,3.0,0.0,0.0,0.0,0.0,0.0,0.0,0.0,0.0,0.0,0.0,2.17,666,14,1
145609,Élan Ricardo,4,3.0,1,0.0,293,,14,0.0,0.0,0.0,0.0,0.0,0.0,0.0,0.0,0.0,0.0,0.0,0.0,0.0,0.0,0.0,0.0,0.0,0.0,0.0,0.0,0.0,667,14,1
128427,Alejandro García,4,4.0,1,0.0,293,,14,0.0,0.0,0.0,0.0,0.0,0.0,0.0,0.0,0.0,0.0,0.0,0.0,0.0,0.0,0.0,0.0,0.0,0.0,0.0,0.0,0.0,668,14,1
84339,Bruno Melo,2,5.23,7,3.86,294,,14,1.0,0.0,0.0,0.0,14.0,8.0,3.0,9.0,1.0,0.0,0.0,2.0,0.0,0.0,4.0,0.0,0.0,1.0,0.0,0.0,3.86,669,14,1
63354,Rodrigo Moledo,3,3.0,1,0.0,294,,14,0.0,0.0,0.0,0.0,0.0,0.0,0.0,0.0,0.0,0.0,0.0,0.0,0.0,0.0,0.0,0.0,0.0,0.0,0.0,0.0,0.0,670,14,1
110708,Pedro Rangel,1,6.6,7,5.19,294,,14,1.0,37.0,12.0,0.0,0.0,0.0,0.0,4.0,0.0,0.0,0.0,0.0,0.0,0.0,4.0,0.0,0.0,0.0,0.0,0.0,5.19,671,14,1
126977,Fernando Seabra,6,7.43,7,5.07,294,,14,0.0,0.0,0.0,0.0,0.0,0.0,0.0,0.0,0.0,0.0,0.0,0.0,0.0,0.0,0.0,0.0,0.0,0.0,5.0,0.0,5.07,672,14,1
50742,Gabriel Leite,1,3.0,1,0.0,294,,14,0.0,0.0,0.0,0.0,0.0,0.0,0.0,0.0,0.0,0.0,0.0,0.0,0.0,0.0,0.0,0.0,0.0,0.0,0.0,0.0,0.0,673,14,1
101405,Wallisson,4,5.25,1,2.9,294,,14,3.0,0.0,0.0,0.0,18.0,15.0,1.0,6.0,0.0,0.0,0.0,1.0,0.0,0.0,0.0,0.0,0.0,0.0,0.0,0.0,2.9,674,14,1
123648,Lucas Ronier,5,10.33,7,7.21,294,,14,2.0,0.0,0.0,0.0,29.0,16.0,14.0,36.0,3.0,5.0,1.0,1.0,2.0,0.0,0.0,0.0,0.0,0.0,0.0,0.0,7.21,675,14,1
84428,Fernando Sobral,4,4.56,1,1.5,294,,14,0.0,0.0,0.0,0.0,2.0,0.0,0.0,0.0,0.0,0.0,0.0,0.0,0.0,0.0,0.0,0.0,0.0,0.0,0.0,0.0,1.5,676,14,1
124834,Ruan Assis,5,1.0,1,0.0,294,,14,0.0,0.0,0.0,0.0,0.0,0.0,0.0,0.0,0.0,0.0,0.0,0.0,0.0,0.0,0.0,0.0,0.0,0.0,0.0,0.0,0.0,677,14,1
125803,Pedro Morisco,1,8.04,3,5.0,294,,14,1.0,20.0,5.0,1.0,0.0,0.0,0.0,2.0,0.0,0.0,0.0,0.0,0.0,0.0,0.0,0.0,0.0,0.0,0.0,0.0,5.0,678,14,1
109127,Tiago Cóser,3,2.63,5,2.25,294,,14,1.0,0.0,0.0,0.0,3.0,11.0,1.0,2.0,0.0,0.0,1.0,0.0,0.0,0.0,4.0,0.0,0.0,1.0,0.0,0.0,2.25,679,14,1
112576,Vini Paulista,4,3.91,7,2.68,294,,14,2.0,0.0,0.0,0.0,22.0,8.0,4.0,9.0,0.0,1.0,0.0,0.0,0.0,0.0,0.0,0.0,0.0,0.0,0.0,0.0,2.68,680,14,1
117930,Lavega,5,4.71,1,2.81,294,,14,3.0,0.0,0.0,0.0,7.0,6.0,5.0,4.0,0.0,1.0,3.0,4.0,0.0,0.0,0.0,0.0,0.0,0.0,0.0,0.0,2.81,681,14,1
124358,João Almeida,2,0.92,1,0.0,294,,14,0.0,0.0,0.0,0.0,0.0,0.0,0.0,0.0,0.0,0.0,0.0,0.0,0.0,0.0,0.0,0.0,0.0,0.0,0.0,0.0,0.0,682,14,1
97878,Jacy,3,5.42,7,4.24,294,,14,2.0,0.0,0.0,0.0,19.0,8.0,3.0,9.0,0.0,0.0,1.0,0.0,0.0,0.0,3.0,0.0,0.0,1.0,0.0,0.0,4.24,683,14,1
130283,Matheus Dias,4,1.0,1,0.0,294,,14,0.0,0.0,0.0,0.0,0.0,0.0,0.0,0.0,0.0,0.0,0.0,0.0,0.0,0.0,0.0,0.0,0.0,0.0,0.0,0.0,0.0,684,14,1
82730,Marcelo Rangel,1,5.55,7,3.27,364,,14,1.0,44.0,24.0,0.0,0.0,0.0,0.0,3.0,0.0,0.0,0.0,0.0,0.0,0.0,1.0,0.0,0.0,0.0,0.0,1.0,3.27,685,14,1
115840,Benassi,1,1.0,1,0.0,294,,14,0.0,0.0,0.0,0.0,0.0,0.0,0.0,0.0,0.0,0.0,0.0,0.0,0.0,0.0,0.0,0.0,0.0,0.0,0.0,0.0,0.0,686,14,1
141337,Lucas Taverna,2,1.0,1,0.0,294,,14,0.0,0.0,0.0,0.0,0.0,0.0,0.0,0.0,0.0,0.0,0.0,0.0,0.0,0.0,0.0,0.0,0.0,0.0,0.0,0.0,0.0,687,14,1
98224,Jáderson,4,2.64,1,0.97,364,,14,0.0,0.0,0.0,0.0,4.0,2.0,1.0,7.0,0.0,0.0,0.0,0.0,0.0,0.0,0.0,0.0,0.0,0.0,0.0,0.0,0.97,688,14,1
97735,Giovanni Pavani,4,2.98,1,1.5,364,,14,0.0,0.0,0.0,0.0,1.0,0.0,0.0,0.0,0.0,0.0,0.0,0.0,0.0,0.0,0.0,0.0,0.0,0.0,0.0,0.0,1.5,689,14,1
131279,Thiago Azaf,5,1.0,1,0.0,294,,14,0.0,0.0,0.0,0.0,0.0,0.0,0.0,0.0,0.0,0.0,0.0,0.0,0.0,0.0,0.0,0.0,0.0,0.0,0.0,0.0,0.0,690,14,1
84708,Panagiotis,4,3.0,1,0.0,364,,14,0.0,0.0,0.0,0.0,0.0,0.0,0.0,0.0,0.0,0.0,0.0,0.0,0.0,0.0,0.0,0.0,0.0,0.0,0.0,0.0,0.0,691,14,1
83074,Ygor Vinhas,1,3.0,1,0.0,364,,14,0.0,0.0,0.0,0.0,0.0,0.0,0.0,0.0,0.0,0.0,0.0,0.0,0.0,0.0,0.0,0.0,0.0,0.0,0.0,0.0,0.0,692,14,1
97795,Marcelinho,2,4.72,7,4.16,364,,14,0.0,0.0,0.0,0.0,14.0,3.0,4.0,12.0,0.0,3.0,1.0,0.0,0.0,0.0,1.0,0.0,0.0,0.0,0.0,0.0,4.16,693,14,1
107700,Eduardo Melo,5,2.13,1,1.4,364,,14,0.0,0.0,0.0,0.0,1.0,0.0,0.0,0.0,0.0,0.0,0.0,1.0,0.0,0.0,0.0,0.0,0.0,0.0,0.0,0.0,1.4,694,14,1
102911,Zé Ricardo,4,5.08,6,2.9,364,,14,4.0,0.0,0.0,0.0,24.0,22.0,2.0,12.0,0.0,4.0,0.0,0.0,0.0,0.0,0.0,0.0,0.0,0.0,0.0,0.0,2.9,695,14,1
96831,Carlinhos,5,3.5,1,-1.0,364,,14,1.0,0.0,0.0,0.0,0.0,0.0,0.0,0.0,0.0,0.0,0.0,0.0,0.0,0.0,0.0,0.0,0.0,0.0,0.0,0.0,-1.0,696,14,1
117338,Yago Ferreira,4,2.0,1,0.0,364,,14,0.0,0.0,0.0,0.0,0.0,0.0,0.0,0.0,0.0,0.0,0.0,0.0,0.0,0.0,0.0,0.0,0.0,0.0,0.0,0.0,0.0,697,14,1
104257,João Lucas,2,4.59,1,2.82,364,,14,3.0,0.0,0.0,0.0,11.0,8.0,2.0,6.0,0.0,1.0,0.0,0.0,0.0,0.0,0.0,0.0,0.0,0.0,0.0,0.0,2.82,698,14,1
107172,Patrick de Paula,4,7.36,3,5.48,364,,14,4.0,0.0,0.0,0.0,8.0,8.0,9.0,13.0,2.0,3.0,0.0,0.0,0.0,0.0,0.0,0.0,0.0,0.0,0.0,0.0,5.48,699,14,1
145782,Tassano,3,3.0,1,0.0,364,,14,0.0,0.0,0.0,0.0,0.0,0.0,0.0,0.0,0.0,0.0,0.0,0.0,0.0,0.0,0.0,0.0,0.0,0.0,0.0,0.0,0.0,700,14,1
143455,PH Gama,4,2.0,1,0.0,364,,14,0.0,0.0,0.0,0.0,0.0,0.0,0.0,0.0,0.0,0.0,0.0,0.0,0.0,0.0,0.0,0.0,0.0,0.0,0.0,0.0,0.0,701,14,1
146040,João Pedro,5,3.14,1,1.75,364,,14,2.0,0.0,0.0,0.0,1.0,11.0,4.0,4.0,0.0,1.0,1.0,1.0,0.0,0.0,0.0,0.0,0.0,0.0,0.0,0.0,1.75,702,14,1
111945,Diego Hernández,4,3.63,1,1.92,364,,14,1.0,0.0,0.0,0.0,3.0,6.0,0.0,1.0,1.0,2.0,0.0,0.0,0.0,0.0,0.0,0.0,0.0,0.0,0.0,0.0,1.92,703,14,1
141385,João Victor,1,1.0,1,0.0,364,,14,0.0,0.0,0.0,0.0,0.0,0.0,0.0,0.0,0.0,0.0,0.0,0.0,0.0,0.0,0.0,0.0,0.0,0.0,0.0,0.0,0.0,704,14,1
122441,Kayky Almeida,3,2.81,3,1.89,364,,14,1.0,0.0,0.0,0.0,8.0,5.0,1.0,1.0,0.0,2.0,0.0,0.0,0.0,0.0,0.0,0.0,0.0,0.0,0.0,0.0,1.89,705,14,1
83048,Rafael Thyere,3,3.2,3,-0.15,315,,14,0.0,0.0,0.0,0.0,0.0,1.0,0.0,0.0,0.0,0.0,0.0,0.0,0.0,0.0,0.0,0.0,0.0,0.0,0.0,0.0,-0.15,706,14,1
71043,Léo Vieira,1,7.72,7,5.67,265,,14,1.0,64.0,20.0,0.0,0.0,0.0,0.0,3.0,0.0,0.0,0.0,0.0,0.0,0.0,2.0,0.0,0.0,0.0,0.0,0.0,5.67,707,14,1
95620,Bruno Leonardo,3,2.96,5,1.6,315,,14,3.0,0.0,0.0,1.0,9.0,11.0,1.0,9.0,0.0,1.0,0.0,0.0,0.0,0.0,1.0,0.0,0.0,0.0,0.0,0.0,1.6,708,14,1
95332,Marcinho,5,3.71,7,2.63,315,,14,0.0,0.0,0.0,0.0,7.0,5.0,5.0,7.0,1.0,2.0,1.0,3.0,0.0,0.0,0.0,0.0,0.0,0.0,0.0,0.0,2.63,709,14,1
97432,Victor Caetano,3,3.7,7,1.97,315,,14,1.0,0.0,0.0,0.0,11.0,7.0,0.0,1.0,0.0,0.0,0.0,1.0,0.0,0.0,0.0,0.0,0.0,0.0,0.0,0.0,1.97,710,14,1
141386,Marcos Alexandre,1,1.0,1,0.0,364,,14,0.0,0.0,0.0,0.0,0.0,0.0,0.0,0.0,0.0,0.0,0.0,0.0,0.0,0.0,0.0,0.0,0.0,0.0,0.0,0.0,0.0,711,14,1
68822,Rafael Santos,1,4.94,1,3.75,315,,14,0.0,20.0,11.0,0.0,0.0,0.0,0.0,0.0,0.0,0.0,0.0,0.0,0.0,0.0,0.0,0.0,0.0,0.0,0.0,0.0,3.75,712,14,1
103987,Higor Meritão,4,7.91,7,4.72,315,,14,1.0,0.0,0.0,0.0,25.0,14.0,3.0,4.0,0.0,2.0,1.0,0.0,0.0,0.0,0.0,0.0,0.0,0.0,0.0,0.0,4.72,713,14,1
70958,Jean Carlos,4,7.03,7,3.1,315,,14,2.0,0.0,0.0,0.0,3.0,5.0,7.0,6.0,2.0,4.0,2.0,1.0,0.0,0.0,0.0,0.0,0.0,0.0,0.0,0.0,3.1,714,14,1
68938,Giovanni Augusto,4,3.42,1,1.0,315,,14,1.0,0.0,0.0,0.0,4.0,5.0,0.0,9.0,0.0,0.0,0.0,0.0,0.0,0.0,0.0,0.0,0.0,0.0,0.0,0.0,1.0,715,14,1
97969,Marcos Vinícius,2,2.86,7,1.57,315,,14,2.0,0.0,0.0,0.0,3.0,7.0,2.0,2.0,1.0,0.0,0.0,0.0,1.0,0.0,0.0,0.0,0.0,0.0,0.0,0.0,1.57,716,14,1
104519,Camilo,4,5.2,7,3.0,315,,14,2.0,0.0,0.0,0.0,21.0,20.0,4.0,10.0,0.0,1.0,0.0,0.0,0.0,0.0,0.0,0.0,0.0,0.0,0.0,0.0,3.0,717,14,1
102906,Anderson,1,5.72,7,4.75,315,,14,0.0,10.0,4.0,0.0,0.0,0.0,0.0,1.0,0.0,0.0,0.0,0.0,0.0,0.0,0.0,0.0,0.0,0.0,0.0,0.0,4.75,718,14,1
88293,Neto Pessoa,5,3.81,1,2.5,315,,14,1.0,0.0,0.0,0.0,3.0,1.0,2.0,2.0,0.0,1.0,1.0,0.0,0.0,0.0,0.0,0.0,0.0,0.0,0.0,0.0,2.5,719,14,1
104470,Everton,2,3.97,1,1.97,315,,14,3.0,0.0,0.0,0.0,7.0,10.0,5.0,10.0,1.0,1.0,0.0,0.0,0.0,0.0,1.0,0.0,0.0,1.0,0.0,0.0,1.97,720,14,1
105664,Walter Clar,2,7.26,1,4.68,315,,14,0.0,0.0,0.0,0.0,5.0,4.0,3.0,1.0,1.0,3.0,3.0,0.0,0.0,0.0,1.0,0.0,0.0,0.0,0.0,0.0,4.68,721,14,1
107516,Ênio,5,6.25,7,4.38,315,,14,2.0,0.0,0.0,0.0,0.0,3.0,3.0,16.0,0.0,3.0,1.0,2.0,1.0,0.0,0.0,0.0,0.0,0.0,0.0,0.0,4.38,722,14,1
116066,Rubens,5,3.15,1,2.28,315,,14,1.0,0.0,0.0,0.0,1.0,2.0,1.0,3.0,0.0,1.0,1.0,0.0,0.0,0.0,0.0,0.0,0.0,0.0,0.0,0.0,2.28,723,14,1
101393,Eduardo Doma,3,3.55,7,2.75,315,,14,2.0,0.0,0.0,1.0,15.0,9.0,5.0,2.0,0.0,1.0,1.0,0.0,0.0,0.0,1.0,0.0,0.0,1.0,0.0,0.0,2.75,724,14,1
122138,João Vitor,4,4.11,1,2.52,315,,14,1.0,0.0,0.0,0.0,9.0,9.0,10.0,5.0,0.0,2.0,0.0,0.0,0.0,0.0,0.0,0.0,0.0,0.0,0.0,0.0,2.52,725,14,1
107453,João Paulo,3,4.73,7,3.8,315,,14,0.0,0.0,0.0,0.0,2.0,3.0,0.0,1.0,1.0,0.0,0.0,0.0,0.0,0.0,0.0,0.0,0.0,0.0,0.0,0.0,3.8,726,14,1
109336,Rafael Carvalheira,4,4.74,1,2.22,315,,14,1.0,0.0,0.0,0.0,10.0,14.0,3.0,4.0,0.0,0.0,1.0,0.0,0.0,0.0,0.0,0.0,0.0,0.0,0.0,0.0,2.22,727,14,1
130843,Arthur Dias,3,6.65,7,4.15,293,,14,3.0,0.0,0.0,0.0,16.0,7.0,3.0,9.0,0.0,0.0,0.0,1.0,0.0,0.0,4.0,0.0,0.0,0.0,0.0,0.0,4.15,728,14,1
111279,Mancha,2,3.0,1,0.0,315,,14,0.0,0.0,0.0,0.0,0.0,0.0,0.0,0.0,0.0,0.0,0.0,0.0,0.0,0.0,0.0,0.0,0.0,0.0,0.0,0.0,0.0,729,14,1
123625,Ítalo,5,2.7,1,1.7,315,,14,0.0,0.0,0.0,0.0,8.0,5.0,6.0,9.0,0.0,0.0,0.0,4.0,0.0,1.0,0.0,0.0,0.0,0.0,0.0,0.0,1.7,730,14,1
121870,Gustavo Talles,2,2.0,1,0.0,315,,14,0.0,0.0,0.0,0.0,0.0,0.0,0.0,0.0,0.0,0.0,0.0,0.0,0.0,0.0,0.0,0.0,0.0,0.0,0.0,0.0,0.0,731,14,1
110426,Bernabei,2,11.63,7,6.78,285,,14,4.0,0.0,0.0,1.0,18.0,25.0,9.0,12.0,0.0,6.0,3.0,4.0,1.0,0.0,4.0,0.0,0.0,0.0,0.0,0.0,6.78,732,14,1
68708,Eduardo,4,5.75,7,2.59,2305,,14,0.0,0.0,0.0,0.0,5.0,9.0,3.0,7.0,0.0,2.0,1.0,0.0,0.0,0.0,0.0,0.0,0.0,1.0,0.0,0.0,2.59,733,14,1
130414,Robert,4,3.51,1,3.0,315,,14,0.0,0.0,0.0,0.0,2.0,0.0,0.0,0.0,0.0,0.0,0.0,0.0,0.0,0.0,0.0,0.0,0.0,0.0,0.0,0.0,3.0,734,14,1
99552,Rossi,1,8.48,7,4.93,262,,14,0.0,34.0,11.0,0.0,0.0,0.0,0.0,2.0,0.0,0.0,0.0,0.0,0.0,0.0,5.0,0.0,0.0,0.0,0.0,0.0,4.93,735,14,1
140438,David,4,1.46,1,1.08,315,,14,0.0,0.0,0.0,1.0,2.0,2.0,3.0,1.0,0.0,0.0,0.0,0.0,0.0,0.0,0.0,0.0,0.0,0.0,0.0,0.0,1.08,736,14,1
112709,Kaiki Bruno,2,10.18,5,5.4,283,,14,1.0,0.0,0.0,1.0,30.0,26.0,3.0,14.0,2.0,3.0,0.0,1.0,0.0,0.0,3.0,0.0,0.0,1.0,0.0,0.0,5.4,737,14,1
78850,Reinaldo,2,8.15,7,0.9,2305,,14,3.0,0.0,0.0,0.0,5.0,8.0,5.0,4.0,0.0,0.0,0.0,0.0,0.0,0.0,0.0,0.0,0.0,0.0,0.0,0.0,0.9,738,14,1
51772,Everton Ribeiro,4,10.1,7,5.11,265,,14,1.0,0.0,0.0,0.0,11.0,7.0,2.0,25.0,3.0,3.0,0.0,0.0,0.0,0.0,0.0,0.0,0.0,0.0,0.0,0.0,5.11,739,14,1
89274,Andreas Pereira,4,14.31,7,5.98,275,,14,2.0,0.0,0.0,0.0,15.0,17.0,8.0,8.0,9.0,4.0,1.0,0.0,0.0,0.0,0.0,0.0,0.0,0.0,0.0,0.0,5.98,740,14,1
130806,Kauan,3,1.0,1,0.0,315,,14,0.0,0.0,0.0,0.0,0.0,0.0,0.0,0.0,0.0,0.0,0.0,0.0,0.0,0.0,0.0,0.0,0.0,0.0,0.0,0.0,0.0,741,14,1
97900,Vitão,3,8.55,1,2.67,262,,14,1.0,0.0,0.0,0.0,1.0,2.0,1.0,0.0,0.0,0.0,0.0,0.0,0.0,0.0,2.0,0.0,0.0,0.0,0.0,0.0,2.67,742,14,1
126471,Barreal,4,10.81,1,4.22,277,,14,3.0,0.0,0.0,1.0,15.0,14.0,9.0,11.0,0.0,3.0,2.0,2.0,0.0,0.0,0.0,0.0,0.0,0.0,0.0,0.0,4.22,743,14,1
124674,Felipe Negrucci,4,1.61,1,-0.6,276,,14,0.0,0.0,0.0,0.0,0.0,2.0,0.0,0.0,0.0,0.0,0.0,0.0,0.0,0.0,0.0,0.0,0.0,0.0,0.0,0.0,-0.6,744,14,1
89368,Braithwaite,5,6.74,1,0.37,284,,14,0.0,0.0,0.0,0.0,1.0,4.0,1.0,1.0,0.0,1.0,0.0,2.0,0.0,0.0,0.0,0.0,0.0,0.0,0.0,0.0,0.37,745,14,1
89837,Lucho Acosta,4,11.51,7,6.86,266,,14,3.0,0.0,0.0,0.0,12.0,9.0,8.0,12.0,3.0,4.0,3.0,0.0,0.0,0.0,0.0,0.0,0.0,0.0,0.0,0.0,6.86,746,14,1
141165,Enzo Vagner,5,1.04,1,0.5,294,,14,0.0,0.0,0.0,0.0,0.0,1.0,1.0,0.0,0.0,0.0,0.0,0.0,0.0,0.0,0.0,0.0,0.0,0.0,0.0,0.0,0.5,747,14,1
